area_id,area_name,review_status,source_id,reviewed_on,scope,record_count
KR,South Korea,reviewed_named_materials,jf-profile-2025-KR,2026-10-08,All named titles and approved course/textbook categories in 4.学習環境／教材.,8
TW,Taiwan,reviewed_named_materials,jf-profile-2025-TW,2026-10-08,All named titles in 4.学習環境／教材. Section heading p6; substantive descriptions p7.,6
CN,China,reviewed_named_materials,jf-profile-2025-CN,2026-10-08,"All named textbook, teacher-guide, curriculum and digital materials in 4.学習環境／教材. Historical and publication-only mentions retained with explicit qualification.",29
HK,Hong Kong SAR China,reviewed_named_materials,jf-profile-2025-HK,2026-10-08,Full 教材 section reviewed; named-title references elsewhere checked. No named title found does not establish absence of textbook use.,18
MO,Macao SAR China,reviewed_named_materials,jf-profile-2025-MO,2026-10-08,Full 教材 section reviewed; named-title references elsewhere checked. No named title found does not establish absence of textbook use.,3
MN,Mongolia,reviewed_named_materials,jf-profile-2025-MN,2026-10-08,Full 教材 section reviewed; named-title references elsewhere checked. No named title found does not establish absence of textbook use.,23
ID,Indonesia,reviewed_named_materials,jf-profile-2025-ID,2026-10-08,"All named materials in 4.学習環境／教材, including the IRODORI Indonesia companion site spanning pp4–5.",9
KH,Cambodia,reviewed_named_materials,jf-profile-2025-KH,2026-10-08,Full 教材 section reviewed; named-title references elsewhere checked. No named title found does not establish absence of textbook use.,18
SG,Singapore,reviewed_named_materials,jf-profile-2025-SG,2026-10-08,Full 教材 section reviewed; named-title references elsewhere checked. No named title found does not establish absence of textbook use.,16
TH,Thailand,reviewed_named_materials,jf-profile-2025-TH,2026-10-08,"All named materials in 4.学習環境／教材, including supplementary resources and four named Koharu-series publications.",20
TL,Timor-Leste,reviewed_named_materials,jf-profile-2025-TL,2026-10-08,Full 教材 section reviewed; named-title references elsewhere checked. No named title found does not establish absence of textbook use.,5
PH,Philippines,reviewed_named_materials,jf-profile-2025-PH,2026-10-08,Full 教材 section reviewed; named-title references elsewhere checked. No named title found does not establish absence of textbook use.,7
BN,Brunei,reviewed_named_materials,jf-profile-2025-BN,2026-10-08,Full 教材 section reviewed; named-title references elsewhere checked. No named title found does not establish absence of textbook use.,5
VN,Vietnam,reviewed_named_materials,jf-profile-2025-VN,2026-10-08,"All named materials in 4.学習環境／教材, distinguishing planned curriculum series from published volumes.",14
MY,Malaysia,reviewed_named_materials,jf-profile-2025-MY,2026-10-08,Full 教材 section reviewed; named-title references elsewhere checked. No named title found does not establish absence of textbook use.,5
MM,Myanmar (Burma),reviewed_named_materials,jf-profile-2025-MM,2026-10-08,Full 教材 section reviewed; named-title references elsewhere checked. No named title found does not establish absence of textbook use.,20
LA,Laos,reviewed_named_materials,jf-profile-2025-LA,2026-10-08,Full 教材 section reviewed; named-title references elsewhere checked. No named title found does not establish absence of textbook use.,12
IN,India,reviewed_named_materials,jf-profile-2025-IN,2026-10-08,Full section 4 教材; adjacent IT section; relevant earlier page corroboration when cited. Exact source title normalizes line breaks; display family may aggregate variants.,10
LK,Sri Lanka,reviewed_named_materials,jf-profile-2025-LK,2026-10-08,Full 教材 section reviewed; named-title references elsewhere checked. No named title found does not establish absence of textbook use.,4
NP,Nepal,reviewed_named_materials,jf-profile-2025-NP,2026-10-08,Full 教材 section reviewed; named-title references elsewhere checked. No named title found does not establish absence of textbook use.,4
PK,Pakistan,reviewed_named_materials,jf-profile-2025-PK,2026-10-08,Full 教材 section reviewed; named-title references elsewhere checked. No named title found does not establish absence of textbook use.,1
BD,Bangladesh,reviewed_named_materials,jf-profile-2025-BD,2026-10-08,Full 教材 section reviewed; named-title references elsewhere checked. No named title found does not establish absence of textbook use.,15
BT,Bhutan,reviewed_named_materials,jf-profile-2025-BT,2026-10-08,Full 教材 section reviewed; named-title references elsewhere checked. No named title found does not establish absence of textbook use.,1
MV,Maldives,reviewed_named_materials,jf-profile-2025-MV,2026-10-08,Full 教材 section reviewed; named-title references elsewhere checked. No named title found does not establish absence of textbook use.,1
AU,Australia,reviewed_named_materials,jf-profile-2025-AU,2026-10-08,Full section 4 教材; adjacent IT section; relevant earlier page corroboration when cited. Exact source title normalizes line breaks; display family may aggregate variants.,6
MP,Northern Mariana Islands,reviewed_named_materials,jf-profile-2025-MP,2026-10-08,Full 教材 section reviewed; named-title references elsewhere checked. No named title found does not establish absence of textbook use.,5
KI,Kiribati,reviewed_no_named_titles,jf-profile-2025-KI,2026-10-08,Full 教材 section reviewed; named-title references elsewhere checked. No named title found does not establish absence of textbook use.,0
GU,Guam,no_profile_link,,,No linked source PDF available for review.,0
CK,Cook Islands,no_profile_link,,,No linked source PDF available for review.,0
WS,Samoa,reviewed_no_named_titles,jf-profile-2025-WS,2026-10-08,Full 教材 section reviewed; named-title references elsewhere checked. No named title found does not establish absence of textbook use.,0
SB,Solomon Islands,reviewed_no_named_titles,jf-profile-2025-SB,2026-10-08,Full 教材 section reviewed; named-title references elsewhere checked. No named title found does not establish absence of textbook use.,0
TV,Tuvalu,reviewed_no_named_titles,jf-profile-2025-TV,2026-10-08,Entire short country/area profile reviewed; no named textbook found. This is not evidence of zero textbook use.,0
TO,Tonga,reviewed_named_materials,jf-profile-2025-TO,2026-10-08,Full 教材 section reviewed; named-title references elsewhere checked. No named title found does not establish absence of textbook use.,3
NR,Nauru,reviewed_no_named_titles,jf-profile-2025-NR,2026-10-08,Entire short country/area profile reviewed; no named textbook found. This is not evidence of zero textbook use.,0
NU,Niue,reviewed_no_named_titles,jf-profile-2025-NU,2026-10-08,Entire short country/area profile reviewed; no named textbook found. This is not evidence of zero textbook use.,0
NC,New Caledonia,reviewed_named_materials,jf-profile-2025-NC,2026-10-08,Full 教材 section reviewed; named-title references elsewhere checked. No named title found does not establish absence of textbook use.,12
NZ,New Zealand,reviewed_named_materials,jf-profile-2025-NZ,2026-10-08,Full 教材 section reviewed; named-title references elsewhere checked. No named title found does not establish absence of textbook use.,13
VU,Vanuatu,reviewed_no_named_titles,jf-profile-2025-VU,2026-10-08,Full 教材 section reviewed; named-title references elsewhere checked. No named title found does not establish absence of textbook use.,0
PG,Papua New Guinea,reviewed_named_materials,jf-profile-2025-PG,2026-10-08,Full 教材 section reviewed; named-title references elsewhere checked. No named title found does not establish absence of textbook use.,5
PW,Palau,reviewed_named_materials,jf-profile-2025-PW,2026-10-08,Full 教材 section reviewed; named-title references elsewhere checked. No named title found does not establish absence of textbook use.,4
FJ,Fiji,reviewed_no_named_titles,jf-profile-2025-FJ,2026-10-08,Full 教材 section reviewed; named-title references elsewhere checked. No named title found does not establish absence of textbook use.,0
PF,French Polynesia,no_profile_link,,,No linked source PDF available for review.,0
MH,Marshall Islands,reviewed_named_materials,jf-profile-2025-MH,2026-10-08,Full 教材 section reviewed; named-title references elsewhere checked. No named title found does not establish absence of textbook use.,4
FM,Micronesia,reviewed_named_materials,jf-profile-2025-FM,2026-10-08,Full 教材 section reviewed; named-title references elsewhere checked. No named title found does not establish absence of textbook use.,1
CA,Canada,reviewed_named_materials,jf-profile-2025-CA,2026-10-08,"Complete 教材 subsection of 4.学習環境 reviewed, including all educational stages. Named supplementary books and teaching resources retained; unnamed materials excluded.",30
US,United States,reviewed_named_materials,jf-profile-2025-US,2026-10-08,Full section 4 教材; adjacent IT section; relevant earlier page corroboration when cited. Exact source title normalizes line breaks; display family may aggregate variants.,6
AG,Antigua & Barbuda,reviewed_no_named_titles,jf-profile-2025-AG,2026-10-08,Entire available country profile reviewed; no named textbooks reported.,0
SV,El Salvador,reviewed_named_materials,jf-profile-2025-SV,2026-10-08,"Complete 教材 subsection of 4.学習環境 reviewed, including all educational stages. Named supplementary books and teaching resources retained; unnamed materials excluded.",11
CU,Cuba,reviewed_named_materials,jf-profile-2025-CU,2026-10-08,"Complete 教材 subsection of 4.学習環境 reviewed, including all educational stages. Named supplementary books and teaching resources retained; unnamed materials excluded.",4
GT,Guatemala,reviewed_named_materials,jf-profile-2025-GT,2026-10-08,"Complete 教材 subsection of 4.学習環境 reviewed, including all educational stages. Named supplementary books and teaching resources retained; unnamed materials excluded.",18
GD,Grenada,reviewed_no_named_titles,jf-profile-2025-GD,2026-10-08,Entire available country profile reviewed; no named textbooks reported.,0
CR,Costa Rica,reviewed_named_materials,jf-profile-2025-CR,2026-10-08,"Complete 教材 subsection of 4.学習環境 reviewed, including all educational stages. Named supplementary books and teaching resources retained; unnamed materials excluded.",3
JM,Jamaica,reviewed_named_materials,jf-profile-2025-JM,2026-10-08,"Complete 教材 subsection of 4.学習環境 reviewed, including all educational stages. Named supplementary books and teaching resources retained; unnamed materials excluded.",6
KN,St. Kitts & Nevis,no_profile_link,,,No linked 2025 JF country profile available in project source inventory.,0
VC,St. Vincent & Grenadines,reviewed_no_named_titles,jf-profile-2025-VC,2026-10-08,Entire available country profile reviewed; no named textbooks reported.,0
LC,St. Lucia,reviewed_no_named_titles,jf-profile-2025-LC,2026-10-08,Entire available country profile reviewed; no named textbooks reported.,0
DM,Dominica,no_profile_link,,,No linked 2025 JF country profile available in project source inventory.,0
DO,Dominican Republic,reviewed_named_materials,jf-profile-2025-DO,2026-10-08,"Complete 教材 subsection of 4.学習環境 reviewed, including all educational stages. Named supplementary books and teaching resources retained; unnamed materials excluded.",8
TT,Trinidad & Tobago,reviewed_named_materials,jf-profile-2025-TT,2026-10-08,"Complete 教材 subsection of 4.学習環境 reviewed, including all educational stages. Named supplementary books and teaching resources retained; unnamed materials excluded.",1
NI,Nicaragua,reviewed_named_materials,jf-profile-2025-NI,2026-10-08,"Complete 教材 subsection of 4.学習環境 reviewed, including all educational stages. Named supplementary books and teaching resources retained; unnamed materials excluded.",1
HT,Haiti,reviewed_named_materials,jf-profile-2025-HT,2026-10-08,"Complete 教材 subsection of 4.学習環境 reviewed, including all educational stages. Named supplementary books and teaching resources retained; unnamed materials excluded.",3
PA,Panama,reviewed_named_materials,jf-profile-2025-PA,2026-10-08,"Complete 教材 subsection of 4.学習環境 reviewed, including all educational stages. Named supplementary books and teaching resources retained; unnamed materials excluded.",10
BS,Bahamas,reviewed_no_named_titles,jf-profile-2025-BS,2026-10-08,Entire available country profile reviewed; no named textbooks reported.,0
BB,Barbados,reviewed_no_named_titles,jf-profile-2025-BB,2026-10-08,Entire available country profile reviewed; no named textbooks reported.,0
PR,Puerto Rico,reviewed_named_materials,jf-profile-2025-PR,2026-10-08,"Complete 教材 subsection of 4.学習環境 reviewed, including all educational stages. Named supplementary books and teaching resources retained; unnamed materials excluded.",6
BZ,Belize,reviewed_no_named_titles,jf-profile-2025-BZ,2026-10-08,Entire available country profile reviewed; no named textbooks reported.,0
HN,Honduras,reviewed_no_named_titles,jf-profile-2025-HN,2026-10-08,"Complete 教材 subsection of 4.学習環境 reviewed, including all educational stages. Named supplementary books and teaching resources retained; unnamed materials excluded.",0
MX,Mexico,reviewed_named_materials,jf-profile-2025-MX,2026-10-08,"Complete 教材 subsection of 4.学習環境 reviewed, including all educational stages. Named supplementary books and teaching resources retained; unnamed materials excluded.",14
AR,Argentina,reviewed_named_materials,jf-profile-2025-AR,2026-10-08,"Complete 教材 subsection of 4.学習環境 reviewed, including all educational stages. Named supplementary books and teaching resources retained; unnamed materials excluded.",23
UY,Uruguay,reviewed_named_materials,jf-profile-2025-UY,2026-10-08,"Complete 教材 subsection of 4.学習環境 reviewed, including all educational stages. Named supplementary books and teaching resources retained; unnamed materials excluded.",3
EC,Ecuador,reviewed_named_materials,jf-profile-2025-EC,2026-10-08,"Complete 教材 subsection of 4.学習環境 reviewed, including all educational stages. Named supplementary books and teaching resources retained; unnamed materials excluded.",10
GY,Guyana,reviewed_no_named_titles,jf-profile-2025-GY,2026-10-08,Entire available country profile reviewed; no named textbooks reported.,0
CO,Colombia,reviewed_named_materials,jf-profile-2025-CO,2026-10-08,"Complete 教材 subsection of 4.学習環境 reviewed, including all educational stages. Named supplementary books and teaching resources retained; unnamed materials excluded.",5
SR,Suriname,reviewed_no_named_titles,jf-profile-2025-SR,2026-10-08,Entire available country profile reviewed; no named textbooks reported.,0
CL,Chile,reviewed_named_materials,jf-profile-2025-CL,2026-10-08,"Complete 教材 subsection of 4.学習環境 reviewed, including all educational stages. Named supplementary books and teaching resources retained; unnamed materials excluded.",16
PY,Paraguay,reviewed_named_materials,jf-profile-2025-PY,2026-10-08,"Complete 教材 subsection of 4.学習環境 reviewed, including all educational stages. Named supplementary books and teaching resources retained; unnamed materials excluded.",6
BR,Brazil,reviewed_named_materials,jf-profile-2025-BR,2026-10-08,Full section 4 教材; adjacent IT section; relevant earlier page corroboration when cited. Exact source title normalizes line breaks; display family may aggregate variants.,19
VE,Venezuela,reviewed_named_materials,jf-profile-2025-VE,2026-10-08,"Complete 教材 subsection of 4.学習環境 reviewed, including all educational stages. Named supplementary books and teaching resources retained; unnamed materials excluded.",23
PE,Peru,reviewed_named_materials,jf-profile-2025-PE,2026-10-08,"Complete 教材 subsection of 4.学習環境 reviewed, including all educational stages. Named supplementary books and teaching resources retained; unnamed materials excluded.",11
BO,Bolivia,reviewed_named_materials,jf-profile-2025-BO,2026-10-08,"Complete 教材 subsection of 4.学習環境 reviewed, including all educational stages. Named supplementary books and teaching resources retained; unnamed materials excluded.",19
IS,Iceland,reviewed_named_materials,jf-profile-2025-IS,2026-10-08,"Named titles in the 教材 subsection; publication and historical contexts distinguished. Adjacent digital-resource inventories are outside this review. For short profiles without 教材, the full profile was checked for named textbooks.",8
IE,Ireland,reviewed_named_materials,jf-profile-2025-IE,2026-10-08,"Named titles in the 教材 subsection; publication and historical contexts distinguished. Adjacent digital-resource inventories are outside this review. For short profiles without 教材, the full profile was checked for named textbooks.",7
AD,Andorra,reviewed_no_named_titles,jf-profile-2025-AD,2026-10-08,"Named titles in the 教材 subsection; publication and historical contexts distinguished. Adjacent digital-resource inventories are outside this review. For short profiles without 教材, the full profile was checked for named textbooks.",0
IT,Italy,reviewed_named_materials,jf-profile-2025-IT,2026-10-08,"Named titles in the 教材 subsection; publication and historical contexts distinguished. Adjacent digital-resource inventories are outside this review. For short profiles without 教材, the full profile was checked for named textbooks.",25
GB,United Kingdom,reviewed_named_materials,jf-profile-2025-GB,2026-10-08,Full section 4 教材; adjacent IT section; relevant earlier page corroboration when cited. Exact source title normalizes line breaks; display family may aggregate variants.,23
AT,Austria,reviewed_named_materials,jf-profile-2025-AT,2026-10-08,"Named titles in the 教材 subsection; publication and historical contexts distinguished. Adjacent digital-resource inventories are outside this review. For short profiles without 教材, the full profile was checked for named textbooks.",15
NL,Netherlands,reviewed_named_materials,jf-profile-2025-NL,2026-10-08,"Named titles in the 教材 subsection; publication and historical contexts distinguished. Adjacent digital-resource inventories are outside this review. For short profiles without 教材, the full profile was checked for named textbooks.",3
CY,Cyprus,reviewed_no_named_titles,jf-profile-2025-CY,2026-10-08,"Named titles in the 教材 subsection; publication and historical contexts distinguished. Adjacent digital-resource inventories are outside this review. For short profiles without 教材, the full profile was checked for named textbooks.",0
GR,Greece,reviewed_named_materials,jf-profile-2025-GR,2026-10-08,"Named titles in the 教材 subsection; publication and historical contexts distinguished. Adjacent digital-resource inventories are outside this review. For short profiles without 教材, the full profile was checked for named textbooks.",8
SM,San Marino,reviewed_no_named_titles,jf-profile-2025-SM,2026-10-08,"Named titles in the 教材 subsection; publication and historical contexts distinguished. Adjacent digital-resource inventories are outside this review. For short profiles without 教材, the full profile was checked for named textbooks.",0
CH,Switzerland,reviewed_named_materials,jf-profile-2025-CH,2026-10-08,"Named titles in the 教材 subsection; publication and historical contexts distinguished. Adjacent digital-resource inventories are outside this review. For short profiles without 教材, the full profile was checked for named textbooks.",14
SE,Sweden,reviewed_named_materials,jf-profile-2025-SE,2026-10-08,"Named titles in the 教材 subsection; publication and historical contexts distinguished. Adjacent digital-resource inventories are outside this review. For short profiles without 教材, the full profile was checked for named textbooks.",32
ES,Spain,reviewed_named_materials,jf-profile-2025-ES,2026-10-08,"Named titles in the 教材 subsection; publication and historical contexts distinguished. Adjacent digital-resource inventories are outside this review. For short profiles without 教材, the full profile was checked for named textbooks.",23
DK,Denmark,reviewed_named_materials,jf-profile-2025-DK,2026-10-08,"Named titles in the 教材 subsection; publication and historical contexts distinguished. Adjacent digital-resource inventories are outside this review. For short profiles without 教材, the full profile was checked for named textbooks.",7
DE,Germany,reviewed_named_materials,jf-profile-2025-DE,2026-10-08,Full section 4 教材; adjacent IT section; relevant earlier page corroboration when cited. Exact source title normalizes line breaks; display family may aggregate variants.,11
NO,Norway,reviewed_named_materials,jf-profile-2025-NO,2026-10-08,"Named titles in the 教材 subsection; publication and historical contexts distinguished. Adjacent digital-resource inventories are outside this review. For short profiles without 教材, the full profile was checked for named textbooks.",7
VA,Vatican City,reviewed_no_named_titles,jf-profile-2025-VA,2026-10-08,"Named titles in the 教材 subsection; publication and historical contexts distinguished. Adjacent digital-resource inventories are outside this review. For short profiles without 教材, the full profile was checked for named textbooks.",0
FI,Finland,reviewed_no_named_titles,jf-profile-2025-FI,2026-10-08,"Named titles in the 教材 subsection; publication and historical contexts distinguished. Adjacent digital-resource inventories are outside this review. For short profiles without 教材, the full profile was checked for named textbooks.",0
FR,France,reviewed_named_materials,jf-profile-2025-FR,2026-10-08,Full section 4 教材; adjacent IT section; relevant earlier page corroboration when cited. Exact source title normalizes line breaks; display family may aggregate variants.,15
BE,Belgium,reviewed_named_materials,jf-profile-2025-BE,2026-10-08,"Named titles in the 教材 subsection; publication and historical contexts distinguished. Adjacent digital-resource inventories are outside this review. For short profiles without 教材, the full profile was checked for named textbooks.",13
PT,Portugal,reviewed_no_named_titles,jf-profile-2025-PT,2026-10-08,"Named titles in the 教材 subsection; publication and historical contexts distinguished. Adjacent digital-resource inventories are outside this review. For short profiles without 教材, the full profile was checked for named textbooks.",0
MT,Malta,reviewed_named_materials,jf-profile-2025-MT,2026-10-08,"Named titles in the 教材 subsection; publication and historical contexts distinguished. Adjacent digital-resource inventories are outside this review. For short profiles without 教材, the full profile was checked for named textbooks.",2
MC,Monaco,reviewed_no_named_titles,jf-profile-2025-MC,2026-10-08,"Named titles in the 教材 subsection; publication and historical contexts distinguished. Adjacent digital-resource inventories are outside this review. For short profiles without 教材, the full profile was checked for named textbooks.",0
LI,Liechtenstein,reviewed_no_named_titles,jf-profile-2025-LI,2026-10-08,"Named titles in the 教材 subsection; publication and historical contexts distinguished. Adjacent digital-resource inventories are outside this review. For short profiles without 教材, the full profile was checked for named textbooks.",0
LU,Luxembourg,reviewed_no_named_titles,jf-profile-2025-LU,2026-10-08,"Named titles in the 教材 subsection; publication and historical contexts distinguished. Adjacent digital-resource inventories are outside this review. For short profiles without 教材, the full profile was checked for named textbooks.",0
AZ,Azerbaijan,reviewed_named_materials,jf-profile-2025-AZ,2026-10-08,"Named titles in the 教材 subsection; publication and historical contexts distinguished. Adjacent digital-resource inventories are outside this review. For short profiles without 教材, the full profile was checked for named textbooks.",22
AL,Albania,reviewed_named_materials,jf-profile-2025-AL,2026-10-08,"Named titles in the 教材 subsection; publication and historical contexts distinguished. Adjacent digital-resource inventories are outside this review. For short profiles without 教材, the full profile was checked for named textbooks.",1
AM,Armenia,reviewed_named_materials,jf-profile-2025-AM,2026-10-08,"Named titles in the 教材 subsection; publication and historical contexts distinguished. Adjacent digital-resource inventories are outside this review. For short profiles without 教材, the full profile was checked for named textbooks.",38
UA,Ukraine,reviewed_named_materials,jf-profile-2025-UA,2026-10-08,"Named titles in the 教材 subsection; publication and historical contexts distinguished. Adjacent digital-resource inventories are outside this review. For short profiles without 教材, the full profile was checked for named textbooks.",2
UZ,Uzbekistan,reviewed_named_materials,jf-profile-2025-UZ,2026-10-08,"Named titles in the 教材 subsection; publication and historical contexts distinguished. Adjacent digital-resource inventories are outside this review. For short profiles without 教材, the full profile was checked for named textbooks.",20
EE,Estonia,reviewed_named_materials,jf-profile-2025-EE,2026-10-08,"Named titles in the 教材 subsection; publication and historical contexts distinguished. Adjacent digital-resource inventories are outside this review. For short profiles without 教材, the full profile was checked for named textbooks.",16
KZ,Kazakhstan,reviewed_named_materials,jf-profile-2025-KZ,2026-10-08,"Named titles in the 教材 subsection; publication and historical contexts distinguished. Adjacent digital-resource inventories are outside this review. For short profiles without 教材, the full profile was checked for named textbooks.",21
MK,North Macedonia,reviewed_named_materials,jf-profile-2025-MK,2026-10-08,"Named titles in the 教材 subsection; publication and historical contexts distinguished. Adjacent digital-resource inventories are outside this review. For short profiles without 教材, the full profile was checked for named textbooks.",4
KG,Kyrgyzstan,reviewed_named_materials,jf-profile-2025-KG,2026-10-08,"Named titles in the 教材 subsection; publication and historical contexts distinguished. Adjacent digital-resource inventories are outside this review. For short profiles without 教材, the full profile was checked for named textbooks.",16
HR,Croatia,reviewed_named_materials,jf-profile-2025-HR,2026-10-08,"Named titles in the 教材 subsection; publication and historical contexts distinguished. Adjacent digital-resource inventories are outside this review. For short profiles without 教材, the full profile was checked for named textbooks.",5
XK,Kosovo,reviewed_no_named_titles,jf-profile-2025-XK,2026-10-08,"Named titles in the 教材 subsection; publication and historical contexts distinguished. Adjacent digital-resource inventories are outside this review. For short profiles without 教材, the full profile was checked for named textbooks.",0
GE,Georgia,reviewed_named_materials,jf-profile-2025-GE,2026-10-08,"Named titles in the 教材 subsection; publication and historical contexts distinguished. Adjacent digital-resource inventories are outside this review. For short profiles without 教材, the full profile was checked for named textbooks.",39
SK,Slovakia,reviewed_named_materials,jf-profile-2025-SK,2026-10-08,"Named titles in the 教材 subsection; publication and historical contexts distinguished. Adjacent digital-resource inventories are outside this review. For short profiles without 教材, the full profile was checked for named textbooks.",3
SI,Slovenia,reviewed_named_materials,jf-profile-2025-SI,2026-10-08,"Named titles in the 教材 subsection; publication and historical contexts distinguished. Adjacent digital-resource inventories are outside this review. For short profiles without 教材, the full profile was checked for named textbooks.",6
RS,Serbia,reviewed_named_materials,jf-profile-2025-RS,2026-10-08,"Named titles in the 教材 subsection; publication and historical contexts distinguished. Adjacent digital-resource inventories are outside this review. For short profiles without 教材, the full profile was checked for named textbooks.",7
TJ,Tajikistan,reviewed_named_materials,jf-profile-2025-TJ,2026-10-08,"Named titles in the 教材 subsection; publication and historical contexts distinguished. Adjacent digital-resource inventories are outside this review. For short profiles without 教材, the full profile was checked for named textbooks.",8
CZ,Czechia,reviewed_named_materials,jf-profile-2025-CZ,2026-10-08,"Named titles in the 教材 subsection; publication and historical contexts distinguished. Adjacent digital-resource inventories are outside this review. For short profiles without 教材, the full profile was checked for named textbooks.",19
TM,Turkmenistan,reviewed_named_materials,jf-profile-2025-TM,2026-10-08,"Named titles in the 教材 subsection; publication and historical contexts distinguished. Adjacent digital-resource inventories are outside this review. For short profiles without 教材, the full profile was checked for named textbooks.",9
HU,Hungary,reviewed_named_materials,jf-profile-2025-HU,2026-10-08,"Named titles in the 教材 subsection; publication and historical contexts distinguished. Adjacent digital-resource inventories are outside this review. For short profiles without 教材, the full profile was checked for named textbooks.",19
BG,Bulgaria,reviewed_named_materials,jf-profile-2025-BG,2026-10-08,"Named titles in the 教材 subsection; publication and historical contexts distinguished. Adjacent digital-resource inventories are outside this review. For short profiles without 教材, the full profile was checked for named textbooks.",15
BY,Belarus,reviewed_named_materials,jf-profile-2025-BY,2026-10-08,"Named titles in the 教材 subsection; publication and historical contexts distinguished. Adjacent digital-resource inventories are outside this review. For short profiles without 教材, the full profile was checked for named textbooks.",18
PL,Poland,reviewed_named_materials,jf-profile-2025-PL,2026-10-08,"Named titles in the 教材 subsection; publication and historical contexts distinguished. Adjacent digital-resource inventories are outside this review. For short profiles without 教材, the full profile was checked for named textbooks.",21
BA,Bosnia & Herzegovina,reviewed_named_materials,jf-profile-2025-BA,2026-10-08,"Named titles in the 教材 subsection; publication and historical contexts distinguished. Adjacent digital-resource inventories are outside this review. For short profiles without 教材, the full profile was checked for named textbooks.",3
MD,Moldova,reviewed_named_materials,jf-profile-2025-MD,2026-10-08,"Named titles in the 教材 subsection; publication and historical contexts distinguished. Adjacent digital-resource inventories are outside this review. For short profiles without 教材, the full profile was checked for named textbooks.",3
ME,Montenegro,reviewed_named_materials,jf-profile-2025-ME,2026-10-08,"Named titles in the 教材 subsection; publication and historical contexts distinguished. Adjacent digital-resource inventories are outside this review. For short profiles without 教材, the full profile was checked for named textbooks.",1
LV,Latvia,reviewed_named_materials,jf-profile-2025-LV,2026-10-08,"Named titles in the 教材 subsection; publication and historical contexts distinguished. Adjacent digital-resource inventories are outside this review. For short profiles without 教材, the full profile was checked for named textbooks.",6
LT,Lithuania,reviewed_named_materials,jf-profile-2025-LT,2026-10-08,"Named titles in the 教材 subsection; publication and historical contexts distinguished. Adjacent digital-resource inventories are outside this review. For short profiles without 教材, the full profile was checked for named textbooks.",39
RO,Romania,reviewed_named_materials,jf-profile-2025-RO,2026-10-08,"Named titles in the 教材 subsection; publication and historical contexts distinguished. Adjacent digital-resource inventories are outside this review. For short profiles without 教材, the full profile was checked for named textbooks.",18
RU,Russia,reviewed_named_materials,jf-profile-2025-RU,2026-10-08,"Named titles in the 教材 subsection; publication and historical contexts distinguished. Adjacent digital-resource inventories are outside this review. For short profiles without 教材, the full profile was checked for named textbooks.",50
AF,Afghanistan,reviewed_named_materials,jf-profile-2025-AF,2026-10-08,"Named titles in the 教材 subsection; publication and historical contexts distinguished. Adjacent digital-resource inventories are outside this review. For short profiles without 教材, the full profile was checked for named textbooks.",2
AE,United Arab Emirates,reviewed_named_materials,jf-profile-2025-AE,2026-10-08,"Named titles in the 教材 subsection; publication and historical contexts distinguished. Adjacent digital-resource inventories are outside this review. For short profiles without 教材, the full profile was checked for named textbooks.",5
YE,Yemen,reviewed_named_materials,jf-profile-2025-YE,2026-10-08,"Named titles in the 教材 subsection; publication and historical contexts distinguished. Adjacent digital-resource inventories are outside this review. For short profiles without 教材, the full profile was checked for named textbooks.",3
IL,Israel,reviewed_no_named_titles,jf-profile-2025-IL,2026-10-08,"Named titles in the 教材 subsection; publication and historical contexts distinguished. Adjacent digital-resource inventories are outside this review. For short profiles without 教材, the full profile was checked for named textbooks.",0
IQ,Iraq,reviewed_named_materials,jf-profile-2025-IQ,2026-10-08,"Named titles in the 教材 subsection; publication and historical contexts distinguished. Adjacent digital-resource inventories are outside this review. For short profiles without 教材, the full profile was checked for named textbooks.",1
IR,Iran,reviewed_named_materials,jf-profile-2025-IR,2026-10-08,"Named titles in the 教材 subsection; publication and historical contexts distinguished. Adjacent digital-resource inventories are outside this review. For short profiles without 教材, the full profile was checked for named textbooks.",7
OM,Oman,reviewed_named_materials,jf-profile-2025-OM,2026-10-08,"Named titles in the 教材 subsection; publication and historical contexts distinguished. Adjacent digital-resource inventories are outside this review. For short profiles without 教材, the full profile was checked for named textbooks.",2
QA,Qatar,reviewed_named_materials,jf-profile-2025-QA,2026-10-08,"Named titles in the 教材 subsection; publication and historical contexts distinguished. Adjacent digital-resource inventories are outside this review. For short profiles without 教材, the full profile was checked for named textbooks.",1
KW,Kuwait,reviewed_named_materials,jf-profile-2025-KW,2026-10-08,"Named titles in the 教材 subsection; publication and historical contexts distinguished. Adjacent digital-resource inventories are outside this review. For short profiles without 教材, the full profile was checked for named textbooks.",2
SA,Saudi Arabia,reviewed_named_materials,jf-profile-2025-SA,2026-10-08,"Named titles in the 教材 subsection; publication and historical contexts distinguished. Adjacent digital-resource inventories are outside this review. For short profiles without 教材, the full profile was checked for named textbooks.",8
SY,Syria,reviewed_named_materials,jf-profile-2025-SY,2026-10-08,"Named titles in the 教材 subsection; publication and historical contexts distinguished. Adjacent digital-resource inventories are outside this review. For short profiles without 教材, the full profile was checked for named textbooks.",4
TR,Türkiye,reviewed_named_materials,jf-profile-2025-TR,2026-10-08,"Named titles in the 教材 subsection; publication and historical contexts distinguished. Adjacent digital-resource inventories are outside this review. For short profiles without 教材, the full profile was checked for named textbooks.",16
BH,Bahrain,reviewed_no_named_titles,jf-profile-2025-BH,2026-10-08,"Named titles in the 教材 subsection; publication and historical contexts distinguished. Adjacent digital-resource inventories are outside this review. For short profiles without 教材, the full profile was checked for named textbooks.",0
PS,Palestinian Territories,reviewed_named_materials,jf-profile-2025-PS,2026-10-08,"Named titles in the 教材 subsection; publication and historical contexts distinguished. Adjacent digital-resource inventories are outside this review. For short profiles without 教材, the full profile was checked for named textbooks.",1
JO,Jordan,reviewed_named_materials,jf-profile-2025-JO,2026-10-08,"Named titles in the 教材 subsection; publication and historical contexts distinguished. Adjacent digital-resource inventories are outside this review. For short profiles without 教材, the full profile was checked for named textbooks.",8
LB,Lebanon,reviewed_named_materials,jf-profile-2025-LB,2026-10-08,"Named titles in the 教材 subsection; publication and historical contexts distinguished. Adjacent digital-resource inventories are outside this review. For short profiles without 教材, the full profile was checked for named textbooks.",2
DZ,Algeria,reviewed_named_materials,jf-profile-2025-DZ,2026-10-08,"Named titles in the 教材 subsection; publication and historical contexts distinguished. Adjacent digital-resource inventories are outside this review. For short profiles without 教材, the full profile was checked for named textbooks.",4
EG,Egypt,reviewed_named_materials,jf-profile-2025-EG,2026-10-08,"Named titles in the 教材 subsection; publication and historical contexts distinguished. Adjacent digital-resource inventories are outside this review. For short profiles without 教材, the full profile was checked for named textbooks.",9
SD,Sudan,reviewed_no_named_titles,jf-profile-2025-SD,2026-10-08,"Named titles in the 教材 subsection; publication and historical contexts distinguished. Adjacent digital-resource inventories are outside this review. For short profiles without 教材, the full profile was checked for named textbooks.",0
TN,Tunisia,reviewed_named_materials,jf-profile-2025-TN,2026-10-08,"Named titles in the 教材 subsection; publication and historical contexts distinguished. Adjacent digital-resource inventories are outside this review. For short profiles without 教材, the full profile was checked for named textbooks.",4
MA,Morocco,reviewed_named_materials,jf-profile-2025-MA,2026-10-08,"Named titles in the 教材 subsection; publication and historical contexts distinguished. Adjacent digital-resource inventories are outside this review. For short profiles without 教材, the full profile was checked for named textbooks.",4
LY,Libya,reviewed_no_named_titles,jf-profile-2025-LY,2026-10-08,"Named titles in the 教材 subsection; publication and historical contexts distinguished. Adjacent digital-resource inventories are outside this review. For short profiles without 教材, the full profile was checked for named textbooks.",0
AO,Angola,reviewed_no_named_titles,jf-profile-2025-AO,2026-10-08,"Named titles in the 教材 subsection; publication and historical contexts distinguished. Adjacent digital-resource inventories are outside this review. For short profiles without 教材, the full profile was checked for named textbooks.",0
UG,Uganda,reviewed_no_named_titles,jf-profile-2025-UG,2026-10-08,"Named titles in the 教材 subsection; publication and historical contexts distinguished. Adjacent digital-resource inventories are outside this review. For short profiles without 教材, the full profile was checked for named textbooks.",0
SZ,Eswatini,reviewed_no_named_titles,jf-profile-2025-SZ,2026-10-08,"Named titles in the 教材 subsection; publication and historical contexts distinguished. Adjacent digital-resource inventories are outside this review. For short profiles without 教材, the full profile was checked for named textbooks.",0
ET,Ethiopia,reviewed_named_materials,jf-profile-2025-ET,2026-10-08,"Named titles in the 教材 subsection; publication and historical contexts distinguished. Adjacent digital-resource inventories are outside this review. For short profiles without 教材, the full profile was checked for named textbooks.",6
ER,Eritrea,reviewed_no_named_titles,jf-profile-2025-ER,2026-10-08,"Named titles in the 教材 subsection; publication and historical contexts distinguished. Adjacent digital-resource inventories are outside this review. For short profiles without 教材, the full profile was checked for named textbooks.",0
GH,Ghana,reviewed_named_materials,jf-profile-2025-GH,2026-10-08,"Named titles in the 教材 subsection; publication and historical contexts distinguished. Adjacent digital-resource inventories are outside this review. For short profiles without 教材, the full profile was checked for named textbooks.",3
CV,Cape Verde,no_profile_link,,,Source could not be retrieved in this audit; absence of records is not absence of use.,0
GA,Gabon,reviewed_no_named_titles,jf-profile-2025-GA,2026-10-08,"Named titles in the 教材 subsection; publication and historical contexts distinguished. Adjacent digital-resource inventories are outside this review. For short profiles without 教材, the full profile was checked for named textbooks.",0
CM,Cameroon,reviewed_named_materials,jf-profile-2025-CM,2026-10-08,"Named titles in the 教材 subsection; publication and historical contexts distinguished. Adjacent digital-resource inventories are outside this review. For short profiles without 教材, the full profile was checked for named textbooks.",1
GM,Gambia,reviewed_no_named_titles,jf-profile-2025-GM,2026-10-08,"Named titles in the 教材 subsection; publication and historical contexts distinguished. Adjacent digital-resource inventories are outside this review. For short profiles without 教材, the full profile was checked for named textbooks.",0
GN,Guinea,reviewed_no_named_titles,jf-profile-2025-GN,2026-10-08,"Named titles in the 教材 subsection; publication and historical contexts distinguished. Adjacent digital-resource inventories are outside this review. For short profiles without 教材, the full profile was checked for named textbooks.",0
GW,Guinea-Bissau,reviewed_no_named_titles,jf-profile-2025-GW,2026-10-08,"Named titles in the 教材 subsection; publication and historical contexts distinguished. Adjacent digital-resource inventories are outside this review. For short profiles without 教材, the full profile was checked for named textbooks.",0
KE,Kenya,source_unavailable,jf-profile-2025-KE,,Source could not be retrieved in this audit; absence of records is not absence of use.,0
CI,Côte d’Ivoire,reviewed_named_materials,jf-profile-2025-CI,2026-10-08,"Named titles in the 教材 subsection; publication and historical contexts distinguished. Adjacent digital-resource inventories are outside this review. For short profiles without 教材, the full profile was checked for named textbooks.",1
KM,Comoros,reviewed_no_named_titles,jf-profile-2025-KM,2026-10-08,"Named titles in the 教材 subsection; publication and historical contexts distinguished. Adjacent digital-resource inventories are outside this review. For short profiles without 教材, the full profile was checked for named textbooks.",0
CG,Congo - Brazzaville,reviewed_no_named_titles,jf-profile-2025-CG,2026-10-08,"Named titles in the 教材 subsection; publication and historical contexts distinguished. Adjacent digital-resource inventories are outside this review. For short profiles without 教材, the full profile was checked for named textbooks.",0
CD,Congo - Kinshasa,source_unavailable,jf-profile-2025-CD,,Source could not be retrieved in this audit; absence of records is not absence of use.,0
ST,São Tomé & Príncipe,reviewed_no_named_titles,jf-profile-2025-ST,2026-10-08,"Named titles in the 教材 subsection; publication and historical contexts distinguished. Adjacent digital-resource inventories are outside this review. For short profiles without 教材, the full profile was checked for named textbooks.",0
ZM,Zambia,source_unavailable,jf-profile-2025-ZM,,Source could not be retrieved in this audit; absence of records is not absence of use.,0
SL,Sierra Leone,source_unavailable,jf-profile-2025-SL,,Source could not be retrieved in this audit; absence of records is not absence of use.,0
DJ,Djibouti,source_unavailable,jf-profile-2025-DJ,,Source could not be retrieved in this audit; absence of records is not absence of use.,0
ZW,Zimbabwe,source_unavailable,jf-profile-2025-ZW,,Source could not be retrieved in this audit; absence of records is not absence of use.,0
SC,Seychelles,source_unavailable,jf-profile-2025-SC,,Source could not be retrieved in this audit; absence of records is not absence of use.,0
GQ,Equatorial Guinea,source_unavailable,jf-profile-2025-GQ,,Source could not be retrieved in this audit; absence of records is not absence of use.,0
SN,Senegal,source_unavailable,jf-profile-2025-SN,,Source could not be retrieved in this audit; absence of records is not absence of use.,0
SO,Somalia,source_unavailable,jf-profile-2025-SO,,Source could not be retrieved in this audit; absence of records is not absence of use.,0
TZ,Tanzania,source_unavailable,jf-profile-2025-TZ,,Source could not be retrieved in this audit; absence of records is not absence of use.,0
TD,Chad,source_unavailable,jf-profile-2025-TD,,Source could not be retrieved in this audit; absence of records is not absence of use.,0
CF,Central African Republic,source_unavailable,jf-profile-2025-CF,,Source could not be retrieved in this audit; absence of records is not absence of use.,0
TG,Togo,source_unavailable,jf-profile-2025-TG,,Source could not be retrieved in this audit; absence of records is not absence of use.,0
NG,Nigeria,source_unavailable,jf-profile-2025-NG,,Source could not be retrieved in this audit; absence of records is not absence of use.,0
NA,Namibia,source_unavailable,jf-profile-2025-NA,,Source could not be retrieved in this audit; absence of records is not absence of use.,0
NE,Niger,source_unavailable,jf-profile-2025-NE,,Source could not be retrieved in this audit; absence of records is not absence of use.,0
BF,Burkina Faso,source_unavailable,jf-profile-2025-BF,,Source could not be retrieved in this audit; absence of records is not absence of use.,0
BI,Burundi,source_unavailable,jf-profile-2025-BI,,Source could not be retrieved in this audit; absence of records is not absence of use.,0
BJ,Benin,source_unavailable,jf-profile-2025-BJ,,Source could not be retrieved in this audit; absence of records is not absence of use.,0
BW,Botswana,source_unavailable,jf-profile-2025-BW,,Source could not be retrieved in this audit; absence of records is not absence of use.,0
MG,Madagascar,source_unavailable,jf-profile-2025-MG,,Source could not be retrieved in this audit; absence of records is not absence of use.,0
MW,Malawi,source_unavailable,jf-profile-2025-MW,,Source could not be retrieved in this audit; absence of records is not absence of use.,0
ML,Mali,source_unavailable,jf-profile-2025-ML,,Source could not be retrieved in this audit; absence of records is not absence of use.,0
ZA,South Africa,no_profile_link,,,Source could not be retrieved in this audit; absence of records is not absence of use.,0
SS,South Sudan,source_unavailable,jf-profile-2025-SS,,Source could not be retrieved in this audit; absence of records is not absence of use.,0
MU,Mauritius,source_unavailable,jf-profile-2025-MU,,Source could not be retrieved in this audit; absence of records is not absence of use.,0
MR,Mauritania,source_unavailable,jf-profile-2025-MR,,Source could not be retrieved in this audit; absence of records is not absence of use.,0
MZ,Mozambique,source_unavailable,jf-profile-2025-MZ,,Source could not be retrieved in this audit; absence of records is not absence of use.,0
LR,Liberia,source_unavailable,jf-profile-2025-LR,,Source could not be retrieved in this audit; absence of records is not absence of use.,0
RW,Rwanda,source_unavailable,jf-profile-2025-RW,,Source could not be retrieved in this audit; absence of records is not absence of use.,0
LS,Lesotho,source_unavailable,jf-profile-2025-LS,,Source could not be retrieved in this audit; absence of records is not absence of use.,0
