source_id,publisher,source_type,edition_year,url,sha256,retrieved_on,review_status
jf-profile-2025-KR,The Japan Foundation,country_area_profile,2025,https://www.jpf.go.jp/j/project/japanese/survey/area/country/2025/korea_2.pdf,61c9d5844e6fc60faef944abf1d6b283b7484b0f058a94c07c4221600bbb96a7,2026-10-08,reviewed_named_materials
jf-profile-2025-TW,The Japan Foundation,country_area_profile,2025,https://www.jpf.go.jp/j/project/japanese/survey/area/country/2025/taiwan_3.pdf,9a309eaa04c5b08ca9b14a9269e29b761866b660eb39d73a8672242984189f97,2026-10-08,reviewed_named_materials
jf-profile-2025-CN,The Japan Foundation,country_area_profile,2025,https://www.jpf.go.jp/j/project/japanese/survey/area/country/2025/china_2.pdf,40f0221b4027c27c3462bb7bd429d9b3e1e1c7eb28b7f95ebeb16fa8aab5eb6d,2026-10-08,reviewed_named_materials
jf-profile-2025-HK,The Japan Foundation,country_area_profile,2025,https://www.jpf.go.jp/j/project/japanese/survey/area/country/2025/hongkong_2.pdf,2aba7b41271bcff658f5fbb2a282d832dbe884a0bbdd59b2a1e75cba76ff1a2e,2026-10-08,reviewed_named_materials
jf-profile-2025-MO,The Japan Foundation,country_area_profile,2025,https://www.jpf.go.jp/j/project/japanese/survey/area/country/2025/macao_2.pdf,a28a65d5269e8f52b729e0478d0fbf1ce4fb95d64fafaab743e8911e1914df20,2026-10-08,reviewed_named_materials
jf-profile-2025-MN,The Japan Foundation,country_area_profile,2025,https://www.jpf.go.jp/j/project/japanese/survey/area/country/2025/mongolia_2.pdf,d474333ca9e6c3ebb3fd21bda170565b552be0e268f85386dc91e28bbbad2385,2026-10-08,reviewed_named_materials
jf-profile-2025-ID,The Japan Foundation,country_area_profile,2025,https://www.jpf.go.jp/j/project/japanese/survey/area/country/2025/indonesia_2.pdf,56da03a0dbea997ec8b14e0f47eaadc36e4a54ce46443270d3e50afabc8be879,2026-10-08,reviewed_named_materials
jf-profile-2025-KH,The Japan Foundation,country_area_profile,2025,https://www.jpf.go.jp/j/project/japanese/survey/area/country/2025/cambodia_2.pdf,889553ced5b3d921dfd8e03e8095727684d0a27a3b4005bd162dd77756e0d32b,2026-10-08,reviewed_named_materials
jf-profile-2025-SG,The Japan Foundation,country_area_profile,2025,https://www.jpf.go.jp/j/project/japanese/survey/area/country/2025/singapore_2.pdf,cba3df0650c55100369ebea9000588f65d2001a4d9f9f672e1e4fc9581a1fccd,2026-10-08,reviewed_named_materials
jf-profile-2025-TH,The Japan Foundation,country_area_profile,2025,https://www.jpf.go.jp/j/project/japanese/survey/area/country/2025/thailand_2.pdf,20ac3cd8e9104ab989271c076bca1cca64bdfb2d0834059f1ed5582d42816ac1,2026-10-08,reviewed_named_materials
jf-profile-2025-TL,The Japan Foundation,country_area_profile,2025,https://www.jpf.go.jp/j/project/japanese/survey/area/country/2025/e_timor_2.pdf,f1450b0746912af2341edcfcba2204760002f36b106dbd836def0d367186f9d9,2026-10-08,reviewed_named_materials
jf-profile-2025-PH,The Japan Foundation,country_area_profile,2025,https://www.jpf.go.jp/j/project/japanese/survey/area/country/2025/philippines_2.pdf,2c2c120cf80ba6ea7aaf5250a89292cddb55a085435fe83ae0d224343229b4b2,2026-10-08,reviewed_named_materials
jf-profile-2025-BN,The Japan Foundation,country_area_profile,2025,https://www.jpf.go.jp/j/project/japanese/survey/area/country/2025/brunei_2.pdf,cdcfc24d2348ba6617aabed2409652b5c7247f444483a8acd1ddf6629060fa60,2026-10-08,reviewed_named_materials
jf-profile-2025-VN,The Japan Foundation,country_area_profile,2025,https://www.jpf.go.jp/j/project/japanese/survey/area/country/2025/vietnam_2.pdf,27a268d1c3100c3e0aa91da69fe8ca2f4cf07d8e5ae1bb57a57ac9ff621e7e33,2026-10-08,reviewed_named_materials
jf-profile-2025-MY,The Japan Foundation,country_area_profile,2025,https://www.jpf.go.jp/j/project/japanese/survey/area/country/2025/malaysia_2.pdf,9cda9c7cef4f6c8735d836e9c6e605694cd309f816d877c8a75f1a814de228a5,2026-10-08,reviewed_named_materials
jf-profile-2025-MM,The Japan Foundation,country_area_profile,2025,https://www.jpf.go.jp/j/project/japanese/survey/area/country/2025/myanmar_2.pdf,552332a7edb92b1a20783ba25b7e78f921719f17fbb31fd0732b4dca0a97bf57,2026-10-08,reviewed_named_materials
jf-profile-2025-LA,The Japan Foundation,country_area_profile,2025,https://www.jpf.go.jp/j/project/japanese/survey/area/country/2025/laos_2.pdf,127ad6da7c4246443601749143852c124c186505c4d860e91af9011074e1cc04,2026-10-08,reviewed_named_materials
jf-profile-2025-IN,The Japan Foundation,country_area_profile,2025,https://www.jpf.go.jp/j/project/japanese/survey/area/country/2025/india_2.pdf,ee8a2eab7922c0dc499c9b599ece5c6d92934b4812576be679cef8a1cdf0cf7b,2026-10-08,reviewed_named_materials
jf-profile-2025-LK,The Japan Foundation,country_area_profile,2025,https://www.jpf.go.jp/j/project/japanese/survey/area/country/2025/srilanka_2.pdf,06aac58aaa455faea62ceaffa0cdde0aa4bff48819e5272a19ec2e53c9f699a2,2026-10-08,reviewed_named_materials
jf-profile-2025-NP,The Japan Foundation,country_area_profile,2025,https://www.jpf.go.jp/j/project/japanese/survey/area/country/2025/nepal_2.pdf,69e985d1ea9f55d9f2c34d643fe75d90235a471559c15ad4b0c8c9edc3c081e5,2026-10-08,reviewed_named_materials
jf-profile-2025-PK,The Japan Foundation,country_area_profile,2025,https://www.jpf.go.jp/j/project/japanese/survey/area/country/2025/pakistan_2.pdf,0919a88b8c68f00347be25d0d13beb62e10f0e1a2abe2b3c12076ff2695b050c,2026-10-08,reviewed_named_materials
jf-profile-2025-BD,The Japan Foundation,country_area_profile,2025,https://www.jpf.go.jp/j/project/japanese/survey/area/country/2025/bangladesh_2.pdf,04be2b32b119b5e2bad893c381f7ebc872268de54223b704d02fae4b827205d2,2026-10-08,reviewed_named_materials
jf-profile-2025-BT,The Japan Foundation,country_area_profile,2025,https://www.jpf.go.jp/j/project/japanese/survey/area/country/2025/bhutan_2.pdf,727188c423d92d9ab4d80bb154359ce806f2763b46e8c8a1dba6879123a73a51,2026-10-08,reviewed_named_materials
jf-profile-2025-MV,The Japan Foundation,country_area_profile,2025,https://www.jpf.go.jp/j/project/japanese/survey/area/country/2025/maldives_2.pdf,83b836a9d294393b60584dbb3e070f2e3d3a4566b9264d4c0bdcb6fbe7fbc6c0,2026-10-08,reviewed_named_materials
jf-profile-2025-AU,The Japan Foundation,country_area_profile,2025,https://www.jpf.go.jp/j/project/japanese/survey/area/country/2025/australia_2.pdf,6fb85c3d968c20d7e7a7b0a526c5c6e7eb375cfd026a0edf2956f3c102a6837f,2026-10-08,reviewed_named_materials
jf-profile-2025-MP,The Japan Foundation,country_area_profile,2025,https://www.jpf.go.jp/j/project/japanese/survey/area/country/2025/n_mariana_2.pdf,6b25ccf9fd93821ddaf100a13df7c27633b03f65f207dcaedc8138a4d84479f6,2026-10-08,reviewed_named_materials
jf-profile-2025-KI,The Japan Foundation,country_area_profile,2025,https://www.jpf.go.jp/j/project/japanese/survey/area/country/2025/kiribati_2.pdf,8f80203b4cd2e2ca887915531bcb34127864ff35a7fe52a891261e111dc7536f,2026-10-08,reviewed_no_named_titles
jf-profile-2025-WS,The Japan Foundation,country_area_profile,2025,https://www.jpf.go.jp/j/project/japanese/survey/area/country/2025/samoa_2.pdf,ad1a9b0ce1c4da02eb6f9b2adf86bf8fa0cfd69ca2f834824845e3a063a51863,2026-10-08,reviewed_no_named_titles
jf-profile-2025-SB,The Japan Foundation,country_area_profile,2025,https://www.jpf.go.jp/j/project/japanese/survey/area/country/2025/solomon_2.pdf,f73429f07f4f31426a37e9b135bee6559bdcc06e1d3c1d6ebd7814cb6e4b0970,2026-10-08,reviewed_no_named_titles
jf-profile-2025-TV,The Japan Foundation,country_area_profile,2025,https://www.jpf.go.jp/j/project/japanese/survey/area/country/2025/toval_2.pdf,d1bf4e3c9eb5bc3b50c16eaaecd35ec159bf16630b201119965f01f7a1c1bb01,2026-10-08,reviewed_no_named_titles
jf-profile-2025-TO,The Japan Foundation,country_area_profile,2025,https://www.jpf.go.jp/j/project/japanese/survey/area/country/2025/tonga_2.pdf,bdf999de131af6fc4d69bd8a0313e20eb21a1dffaf8bf17f45ad2e1dfa032b1a,2026-10-08,reviewed_named_materials
jf-profile-2025-NR,The Japan Foundation,country_area_profile,2025,https://www.jpf.go.jp/j/project/japanese/survey/area/country/2025/naul_2.pdf,9866ccc299af95d825151fcaae9184e5fcf00577f09d356d058c5660b5961038,2026-10-08,reviewed_no_named_titles
jf-profile-2025-NU,The Japan Foundation,country_area_profile,2025,https://www.jpf.go.jp/j/project/japanese/survey/area/country/2025/niue_2.pdf,2f47ff133c5772a3d59bf53d8f96954807a0e66202c5f75bd5f3c3b8d10debe1,2026-10-08,reviewed_no_named_titles
jf-profile-2025-NC,The Japan Foundation,country_area_profile,2025,https://www.jpf.go.jp/j/project/japanese/survey/area/country/2025/newcaledonia_2.pdf,27c3c611cb5b34b4b509aebcf0e94ca3e17fc013c72daf77a34036131f7a9e5d,2026-10-08,reviewed_named_materials
jf-profile-2025-NZ,The Japan Foundation,country_area_profile,2025,https://www.jpf.go.jp/j/project/japanese/survey/area/country/2025/newzealand_2.pdf,2d6297614de82ade34f225cb6e0a74895295cd526083f46b02982da02e6f17ee,2026-10-08,reviewed_named_materials
jf-profile-2025-VU,The Japan Foundation,country_area_profile,2025,https://www.jpf.go.jp/j/project/japanese/survey/area/country/2025/vanuatu_2.pdf,15173dfd5197698520b84366d1480de73e19060c69a93697dc142c6ac816ed9e,2026-10-08,reviewed_no_named_titles
jf-profile-2025-PG,The Japan Foundation,country_area_profile,2025,https://www.jpf.go.jp/j/project/japanese/survey/area/country/2025/papua_2.pdf,a167f773b87e421594ddc0e310c36fbe3f88e9aa2e4521926e28939bfe4095aa,2026-10-08,reviewed_named_materials
jf-profile-2025-PW,The Japan Foundation,country_area_profile,2025,https://www.jpf.go.jp/j/project/japanese/survey/area/country/2025/palau_2.pdf,ad6207a2e273d30c087ae6e5c3a93280eb658fe5836fbc1888d2d15eeee4ca99,2026-10-08,reviewed_named_materials
jf-profile-2025-FJ,The Japan Foundation,country_area_profile,2025,https://www.jpf.go.jp/j/project/japanese/survey/area/country/2025/fiji_2.pdf,98f541b364b25674329328074bf4b4f832fa53d6e06dbb9adf9f091a0e481e95,2026-10-08,reviewed_no_named_titles
jf-profile-2025-MH,The Japan Foundation,country_area_profile,2025,https://www.jpf.go.jp/j/project/japanese/survey/area/country/2025/marshall_2.pdf,c535b80320573095de21865deef0eb4848e5019ec88516cf5ef5a7677a94544c,2026-10-08,reviewed_named_materials
jf-profile-2025-FM,The Japan Foundation,country_area_profile,2025,https://www.jpf.go.jp/j/project/japanese/survey/area/country/2025/micronesia_2.pdf,58bda99e102e4d82f87ec8cbd9b5501ef743353c75608f5b6383d76c2938b5a8,2026-10-08,reviewed_named_materials
jf-profile-2025-CA,The Japan Foundation,country_area_profile,2025,https://www.jpf.go.jp/j/project/japanese/survey/area/country/2025/canada_2.pdf,fdbd844174ded91d1cb6c6fe0db4d1320e57deeca39a3e86b2bfa3c14cde95df,2026-10-08,reviewed_named_materials
jf-profile-2025-US,The Japan Foundation,country_area_profile,2025,https://www.jpf.go.jp/j/project/japanese/survey/area/country/2025/usa_2.pdf,5eaffe784fc80b39ba117c1a83bd1f1d6cdb2b85b34c4b09f0f6b87068e843ca,2026-10-08,reviewed_named_materials
jf-profile-2025-AG,The Japan Foundation,country_area_profile,2025,https://www.jpf.go.jp/j/project/japanese/survey/area/country/2025/antigua_and_barbuda_2.pdf,91a0a3613603c26fb382706af85c897719d8f69b1ba42302287b7c7507db3124,2026-10-08,reviewed_no_named_titles
jf-profile-2025-SV,The Japan Foundation,country_area_profile,2025,https://www.jpf.go.jp/j/project/japanese/survey/area/country/2025/elsalvador_2.pdf,bda81c0bef87a7ab9257ef49578ab950a9bd5949c80592631d4a83ea381c0167,2026-10-08,reviewed_named_materials
jf-profile-2025-CU,The Japan Foundation,country_area_profile,2025,https://www.jpf.go.jp/j/project/japanese/survey/area/country/2025/cuba_2.pdf,f59eb1a1db28751b6487d5d1bb1a145434caa01b5606db2615635a3b1a178d2d,2026-10-08,reviewed_named_materials
jf-profile-2025-GT,The Japan Foundation,country_area_profile,2025,https://www.jpf.go.jp/j/project/japanese/survey/area/country/2025/guatemala_2.pdf,c108919d59d0675fd1891af553f395623506c9bbb99e13a7b0be88e7f38a055c,2026-10-08,reviewed_named_materials
jf-profile-2025-GD,The Japan Foundation,country_area_profile,2025,https://www.jpf.go.jp/j/project/japanese/survey/area/country/2025/grenada_2.pdf,9d5c0854e20a09434f08bdbce64e32108cb5dc76eeacd03daac22405cb666a0c,2026-10-08,reviewed_no_named_titles
jf-profile-2025-CR,The Japan Foundation,country_area_profile,2025,https://www.jpf.go.jp/j/project/japanese/survey/area/country/2025/costarica_2.pdf,4ca7a980963d11ac01d55bfcb861ac0f7f2cf69d66befdabefe347a5eb56e3d0,2026-10-08,reviewed_named_materials
jf-profile-2025-JM,The Japan Foundation,country_area_profile,2025,https://www.jpf.go.jp/j/project/japanese/survey/area/country/2025/jamaica_2.pdf,31cf757ecb1572f9e2a689be58b668bf8ebaae1b6e42c69861d8f5f8470e2f4d,2026-10-08,reviewed_named_materials
jf-profile-2025-VC,The Japan Foundation,country_area_profile,2025,https://www.jpf.go.jp/j/project/japanese/survey/area/country/2025/saintvincent_2.pdf,92c303df110fde12fa85f78a9f43703d1472d1d052d74dec2617f97e51b4d9c6,2026-10-08,reviewed_no_named_titles
jf-profile-2025-LC,The Japan Foundation,country_area_profile,2025,https://www.jpf.go.jp/j/project/japanese/survey/area/country/2025/saintlucia_2.pdf,029025be3164c7978353a58db172e608712e3c907a5db72dac6e75d23ab961e0,2026-10-08,reviewed_no_named_titles
jf-profile-2025-DO,The Japan Foundation,country_area_profile,2025,https://www.jpf.go.jp/j/project/japanese/survey/area/country/2025/dominican_2.pdf,ed4b9e24034ec4a003e9889c87fb7eee09e71ce483ce400763e16d4cf0aa2863,2026-10-08,reviewed_named_materials
jf-profile-2025-TT,The Japan Foundation,country_area_profile,2025,https://www.jpf.go.jp/j/project/japanese/survey/area/country/2025/trinidadtobago_2.pdf,b2c5d583484906391b45a95c5f646d02efcd0fc6516407366253d936b7d237d9,2026-10-08,reviewed_named_materials
jf-profile-2025-NI,The Japan Foundation,country_area_profile,2025,https://www.jpf.go.jp/j/project/japanese/survey/area/country/2025/nicaragua_2.pdf,cd48116762173ec18cb0a653dfcfaa63e4a59cafe672e718ac4a6a5969eeffa9,2026-10-08,reviewed_named_materials
jf-profile-2025-HT,The Japan Foundation,country_area_profile,2025,https://www.jpf.go.jp/j/project/japanese/survey/area/country/2025/haiti_2.pdf,400974cdf911d9cda3e13f70f378bc01cbdc975ffaf4704fc16da57778163c61,2026-10-08,reviewed_named_materials
jf-profile-2025-PA,The Japan Foundation,country_area_profile,2025,https://www.jpf.go.jp/j/project/japanese/survey/area/country/2025/panama_2.pdf,97918f19c195dc2e1f7a7635e047f1dbc9e8198c506592d575bc269f163fff81,2026-10-08,reviewed_named_materials
jf-profile-2025-BS,The Japan Foundation,country_area_profile,2025,https://www.jpf.go.jp/j/project/japanese/survey/area/country/2025/bahama_2.pdf,61178e442d4354860e5bd8f30d1bedc52707cb784305a9bb5ec6628f7d79719d,2026-10-08,reviewed_no_named_titles
jf-profile-2025-BB,The Japan Foundation,country_area_profile,2025,https://www.jpf.go.jp/j/project/japanese/survey/area/country/2025/barbados_2.pdf,5ee2b42b0fa23e68087dac3aaf006683f31ac327f2d3665b580e45b1fe9ec37a,2026-10-08,reviewed_no_named_titles
jf-profile-2025-PR,The Japan Foundation,country_area_profile,2025,https://www.jpf.go.jp/j/project/japanese/survey/area/country/2025/puertorico_2.pdf,f8d7fe39e7855734f17d2d7e69ce93ea71a84668ba663e600a51dc2124b00ec8,2026-10-08,reviewed_named_materials
jf-profile-2025-BZ,The Japan Foundation,country_area_profile,2025,https://www.jpf.go.jp/j/project/japanese/survey/area/country/2025/belize_2.pdf,735a07eefbfe8aad67da0711585417a5baa2d75296981acbc4feb3531a19780d,2026-10-08,reviewed_no_named_titles
jf-profile-2025-HN,The Japan Foundation,country_area_profile,2025,https://www.jpf.go.jp/j/project/japanese/survey/area/country/2025/honduras_2.pdf,ea51fa11d309f88d78002beabb9bd79bf04e366746156933386a71f6d1b1b33c,2026-10-08,reviewed_no_named_titles
jf-profile-2025-MX,The Japan Foundation,country_area_profile,2025,https://www.jpf.go.jp/j/project/japanese/survey/area/country/2025/mexico_2.pdf,4bda3032e2a3fb87bfe6f4c682236acf0383d81fba6974320a85aef2dd01605a,2026-10-08,reviewed_named_materials
jf-profile-2025-AR,The Japan Foundation,country_area_profile,2025,https://www.jpf.go.jp/j/project/japanese/survey/area/country/2025/argentina_2.pdf,ed483ead246cfeb1234985329b012d2db40bae468adb097e9081590187107212,2026-10-08,reviewed_named_materials
jf-profile-2025-UY,The Japan Foundation,country_area_profile,2025,https://www.jpf.go.jp/j/project/japanese/survey/area/country/2025/uruguay_2.pdf,ba59243714e32560c764eae7db86b9f0e0d5ee686628b753c520eb8027babda6,2026-10-08,reviewed_named_materials
jf-profile-2025-EC,The Japan Foundation,country_area_profile,2025,https://www.jpf.go.jp/j/project/japanese/survey/area/country/2025/ecuador_2.pdf,ba43e64e9ed15f0e81c5c5d3c1c115a10f51b90727fa2101ce3296229c7f8555,2026-10-08,reviewed_named_materials
jf-profile-2025-GY,The Japan Foundation,country_area_profile,2025,https://www.jpf.go.jp/j/project/japanese/survey/area/country/2025/guyana_2.pdf,7d373b6bbfd89a9384c8d92faf36977245244984be25c7edf19f30aaace16367,2026-10-08,reviewed_no_named_titles
jf-profile-2025-CO,The Japan Foundation,country_area_profile,2025,https://www.jpf.go.jp/j/project/japanese/survey/area/country/2025/colombia_2.pdf,a64c0f7bbe2223bdad01964de6ee77ece7a6923fe3d068da448e0eea03ed597d,2026-10-08,reviewed_named_materials
jf-profile-2025-SR,The Japan Foundation,country_area_profile,2025,https://www.jpf.go.jp/j/project/japanese/survey/area/country/2025/suriname_2.pdf,ca2ce801a08797f683ff8fe50afc63c37950546ee5cd56c39ce510d1507b36dc,2026-10-08,reviewed_no_named_titles
jf-profile-2025-CL,The Japan Foundation,country_area_profile,2025,https://www.jpf.go.jp/j/project/japanese/survey/area/country/2025/chile_2.pdf,3ed96256eebabf81f3e559d07ce0784e1475e0f271ce8396153c85f7be3e8047,2026-10-08,reviewed_named_materials
jf-profile-2025-PY,The Japan Foundation,country_area_profile,2025,https://www.jpf.go.jp/j/project/japanese/survey/area/country/2025/paraguay_2.pdf,d8782066c0d9b2f9cc49b267b204d8f50f411d4b4867d93177bf3dc02c712467,2026-10-08,reviewed_named_materials
jf-profile-2025-BR,The Japan Foundation,country_area_profile,2025,https://www.jpf.go.jp/j/project/japanese/survey/area/country/2025/brazil_2.pdf,a1266c4481703ee9b2b4de06e5db846cd8c3fc73869738412585cb94c154a05d,2026-10-08,reviewed_named_materials
jf-profile-2025-VE,The Japan Foundation,country_area_profile,2025,https://www.jpf.go.jp/j/project/japanese/survey/area/country/2025/venezuela_2.pdf,8afeb8182f1d0731451e86f26ac6c4679af54c3f2cc216db55322a5779d2c379,2026-10-08,reviewed_named_materials
jf-profile-2025-PE,The Japan Foundation,country_area_profile,2025,https://www.jpf.go.jp/j/project/japanese/survey/area/country/2025/peru_2.pdf,e32a2222577579edf3a95da27bb05943e9a0a20b12bc6e920a9554176e4c29bd,2026-10-08,reviewed_named_materials
jf-profile-2025-BO,The Japan Foundation,country_area_profile,2025,https://www.jpf.go.jp/j/project/japanese/survey/area/country/2025/bolivia_2.pdf,2c9434738028ba72b22efd282f902372fd47a65ab26eb3441e9f14aaec175d08,2026-10-08,reviewed_named_materials
jf-profile-2025-IS,The Japan Foundation,country_area_profile,2025,https://www.jpf.go.jp/j/project/japanese/survey/area/country/2025/iceland_2.pdf,fbdf6c6368aa05cc7b6909d52bcdf2400a1c3be0484629efa7de50818af09d18,2026-10-08,reviewed_named_materials
jf-profile-2025-IE,The Japan Foundation,country_area_profile,2025,https://www.jpf.go.jp/j/project/japanese/survey/area/country/2025/ireland_2.pdf,72152becddafd05668be08ff63ee7c9ce3a151022b47aa1022be8a5a6ae047ae,2026-10-08,reviewed_named_materials
jf-profile-2025-AD,The Japan Foundation,country_area_profile,2025,https://www.jpf.go.jp/j/project/japanese/survey/area/country/2025/andorra_2.pdf,fc905eac9698a7496ed12607dbf5b6dda67ab2835f4ad8a148bb11aca5cc9cd0,2026-10-08,reviewed_no_named_titles
jf-profile-2025-IT,The Japan Foundation,country_area_profile,2025,https://www.jpf.go.jp/j/project/japanese/survey/area/country/2025/italy_2.pdf,b76b0d58a4cc37dd018ac47ee80a3ba9c55f2e1afab5776b5f180bb7c0476250,2026-10-08,reviewed_named_materials
jf-profile-2025-GB,The Japan Foundation,country_area_profile,2025,https://www.jpf.go.jp/j/project/japanese/survey/area/country/2025/uk_2.pdf,ddb731cfba6b5711e414709e9973325caaabafb0b2c473bf35e6e673a27a5121,2026-10-08,reviewed_named_materials
jf-profile-2025-AT,The Japan Foundation,country_area_profile,2025,https://www.jpf.go.jp/j/project/japanese/survey/area/country/2025/austria_2.pdf,6a291208574bfa9297eae350772b61cf1ecf6d9d5dcef2de2db2320a843fe815,2026-10-08,reviewed_named_materials
jf-profile-2025-NL,The Japan Foundation,country_area_profile,2025,https://www.jpf.go.jp/j/project/japanese/survey/area/country/2025/netherlands_2.pdf,0becd931b1ff0e00c73d42bba1cc796edba29689b9af97fe09fdfd48c2e68ee8,2026-10-08,reviewed_named_materials
jf-profile-2025-CY,The Japan Foundation,country_area_profile,2025,https://www.jpf.go.jp/j/project/japanese/survey/area/country/2025/cyprus_2.pdf,e45eaa8d26502f9420f4f81a9c8713b7e69bd9c5df5f42206273b9591d3be544,2026-10-08,reviewed_no_named_titles
jf-profile-2025-GR,The Japan Foundation,country_area_profile,2025,https://www.jpf.go.jp/j/project/japanese/survey/area/country/2025/greece_2.pdf,58308b236d4b06a728618108ab8e6a543a1d7ce9d4c1857a10e3dbe6602f9e89,2026-10-08,reviewed_named_materials
jf-profile-2025-SM,The Japan Foundation,country_area_profile,2025,https://www.jpf.go.jp/j/project/japanese/survey/area/country/2025/sanmarino_2.pdf,37d34be6da4e1cf751ede7b05194292cfb12df3c1e26fd696454f0cdebe15b39,2026-10-08,reviewed_no_named_titles
jf-profile-2025-CH,The Japan Foundation,country_area_profile,2025,https://www.jpf.go.jp/j/project/japanese/survey/area/country/2025/swiss_2.pdf,14081243e43ceb01521075dfc9559a0689f46c41da7a91ce651ab322f54604e7,2026-10-08,reviewed_named_materials
jf-profile-2025-SE,The Japan Foundation,country_area_profile,2025,https://www.jpf.go.jp/j/project/japanese/survey/area/country/2025/sweden_2.pdf,9b4c53f938147f7c2058790ee589f19449b602b99db75df905e9fe1123be8e8c,2026-10-08,reviewed_named_materials
jf-profile-2025-ES,The Japan Foundation,country_area_profile,2025,https://www.jpf.go.jp/j/project/japanese/survey/area/country/2025/spain_2.pdf,2d6922ab130843de83bf7752c435388cf064e81f46c6adf5215c20f4e120eb78,2026-10-08,reviewed_named_materials
jf-profile-2025-DK,The Japan Foundation,country_area_profile,2025,https://www.jpf.go.jp/j/project/japanese/survey/area/country/2025/denmark_2.pdf,28316850f76ff302cb45bd4d48f38baa403e330372abad87324e24f18b28c632,2026-10-08,reviewed_named_materials
jf-profile-2025-DE,The Japan Foundation,country_area_profile,2025,https://www.jpf.go.jp/j/project/japanese/survey/area/country/2025/germany_2.pdf,c841ae5b1ea35a4e4f9261181571ee2f03b16e168ad1c64acdd3d21f6d1a1ff6,2026-10-08,reviewed_named_materials
jf-profile-2025-NO,The Japan Foundation,country_area_profile,2025,https://www.jpf.go.jp/j/project/japanese/survey/area/country/2025/norway_2.pdf,28a1e2d552c46e604533799cd3a48f2fd65474ebbe66d4aaf8999fe3b36cdfad,2026-10-08,reviewed_named_materials
jf-profile-2025-VA,The Japan Foundation,country_area_profile,2025,https://www.jpf.go.jp/j/project/japanese/survey/area/country/2025/vatican_2.pdf,cae7264b93730ef0190eb1f91d191814508662b8955f65fc256ab66cf28a1e6f,2026-10-08,reviewed_no_named_titles
jf-profile-2025-FI,The Japan Foundation,country_area_profile,2025,https://www.jpf.go.jp/j/project/japanese/survey/area/country/2025/finland_2.pdf,65ef131994f6e1ef1e851e6a61e8a3ef52321cbb8d46b24f8d8c36e3af0d4c4d,2026-10-08,reviewed_no_named_titles
jf-profile-2025-FR,The Japan Foundation,country_area_profile,2025,https://www.jpf.go.jp/j/project/japanese/survey/area/country/2025/france_2.pdf,93dc6508f79be293c469d196c18f1f43570e3f3a20c2731a06ff0a29e95568d9,2026-10-08,reviewed_named_materials
jf-profile-2025-BE,The Japan Foundation,country_area_profile,2025,https://www.jpf.go.jp/j/project/japanese/survey/area/country/2025/belgium_2.pdf,110a5e116e1fbc530159a4210d76e5e7687b24656b06e4afb8fbed7ff1c6a2be,2026-10-08,reviewed_named_materials
jf-profile-2025-PT,The Japan Foundation,country_area_profile,2025,https://www.jpf.go.jp/j/project/japanese/survey/area/country/2025/portuguese_2.pdf,7eea0fad9f3c9faac058ae6f32af86b43df19407f78da975e4e436338e7f224f,2026-10-08,reviewed_no_named_titles
jf-profile-2025-MT,The Japan Foundation,country_area_profile,2025,https://www.jpf.go.jp/j/project/japanese/survey/area/country/2025/malta_2.pdf,e9d874b1ae30e8e2c10cef268388e6eccb7d32d2b0e06aeeb08c8e4db0c0da00,2026-10-08,reviewed_named_materials
jf-profile-2025-MC,The Japan Foundation,country_area_profile,2025,https://www.jpf.go.jp/j/project/japanese/survey/area/country/2025/monaco_2.pdf,d515d586b9c1c5d675c7d112bf20605e4f27e80c1def40ece070c3b9f3fcdeec,2026-10-08,reviewed_no_named_titles
jf-profile-2025-LI,The Japan Foundation,country_area_profile,2025,https://www.jpf.go.jp/j/project/japanese/survey/area/country/2025/liechtenstein_2.pdf,3c0838c4002b8e8f9c76d2619d0a7c92db83bb5f126ab81052942fe97d0aa7c6,2026-10-08,reviewed_no_named_titles
jf-profile-2025-LU,The Japan Foundation,country_area_profile,2025,https://www.jpf.go.jp/j/project/japanese/survey/area/country/2025/luxembourg_2.pdf,698e7d5b7a1aeea0b528081d4dac3da0333281d7fd9cfb8c0473479df04e5685,2026-10-08,reviewed_no_named_titles
jf-profile-2025-AZ,The Japan Foundation,country_area_profile,2025,https://www.jpf.go.jp/j/project/japanese/survey/area/country/2025/azerbaidjan_2.pdf,783a7add15aa4fd5e459301d63fc328358f08a6810a9b9fad6b634300baa66bc,2026-10-08,reviewed_named_materials
jf-profile-2025-AL,The Japan Foundation,country_area_profile,2025,https://www.jpf.go.jp/j/project/japanese/survey/area/country/2025/albania_2.pdf,894311f8419d3f31e64e184a5edb1b7a104a00d8c70471b30a9b723f19c6bb98,2026-10-08,reviewed_named_materials
jf-profile-2025-AM,The Japan Foundation,country_area_profile,2025,https://www.jpf.go.jp/j/project/japanese/survey/area/country/2025/armenia_2.pdf,922644e4ce8211123c89bca1af1155f00d774cd6946062f3ddd1e8402dc46ebf,2026-10-08,reviewed_named_materials
jf-profile-2025-UA,The Japan Foundation,country_area_profile,2025,https://www.jpf.go.jp/j/project/japanese/survey/area/country/2025/ukraine_2.pdf,4d95bf5b330fed2591a4b8d34a900131386f6542c72cee3db519ebed75c247a6,2026-10-08,reviewed_named_materials
jf-profile-2025-UZ,The Japan Foundation,country_area_profile,2025,https://www.jpf.go.jp/j/project/japanese/survey/area/country/2025/uzbekistan_2.pdf,0ffba1ddae4f594062aeec197f83f9b504bf2701e4565f7c86d68f02753bee15,2026-10-08,reviewed_named_materials
jf-profile-2025-EE,The Japan Foundation,country_area_profile,2025,https://www.jpf.go.jp/j/project/japanese/survey/area/country/2025/estonia_2.pdf,3878c3bd1ef475bd713830d6118d3cf36d97d7bb83a0984da5ad9e27af2178b4,2026-10-08,reviewed_named_materials
jf-profile-2025-KZ,The Japan Foundation,country_area_profile,2025,https://www.jpf.go.jp/j/project/japanese/survey/area/country/2025/kazakhstan_2.pdf,49cb19f19002fdb0bb1ca29930f5b81a3df266d915cdfc05aab83ba63987cea8,2026-10-08,reviewed_named_materials
jf-profile-2025-MK,The Japan Foundation,country_area_profile,2025,https://www.jpf.go.jp/j/project/japanese/survey/area/country/2025/macedonia_2.pdf,ed8328278cf658b92c5cc2a37a70b2dbf6b89eff0a35dd124b18184488c1e54b,2026-10-08,reviewed_named_materials
jf-profile-2025-KG,The Japan Foundation,country_area_profile,2025,https://www.jpf.go.jp/j/project/japanese/survey/area/country/2025/kyrgyz_2.pdf,fe093fef74fdb5442cf79a00bd00f462494d93f1a3490e08cce8c3604c36d9e8,2026-10-08,reviewed_named_materials
jf-profile-2025-HR,The Japan Foundation,country_area_profile,2025,https://www.jpf.go.jp/j/project/japanese/survey/area/country/2025/croatia_2.pdf,be6f4e654e48b4f875521d8b65fe7db4847ccc7ab0d9ffe31f4c7e7dd26ec1a4,2026-10-08,reviewed_named_materials
jf-profile-2025-XK,The Japan Foundation,country_area_profile,2025,https://www.jpf.go.jp/j/project/japanese/survey/area/country/2025/kosovo_2.pdf,fdc0c5eb5515f6950b26bdd4fb2e097a9e0deddc49f0957ff4c4b8dd01e52a8f,2026-10-08,reviewed_no_named_titles
jf-profile-2025-GE,The Japan Foundation,country_area_profile,2025,https://www.jpf.go.jp/j/project/japanese/survey/area/country/2025/georgia_2.pdf,3968cd648db505d690cacc5cae2b0389b74120cb0e7de757cc1ad265273eaf57,2026-10-08,reviewed_named_materials
jf-profile-2025-SK,The Japan Foundation,country_area_profile,2025,https://www.jpf.go.jp/j/project/japanese/survey/area/country/2025/slovakia_2.pdf,223dad564bf8c632da391fd93500872c64c75e9f0c717dbe96fdce8bc7ac62c6,2026-10-08,reviewed_named_materials
jf-profile-2025-SI,The Japan Foundation,country_area_profile,2025,https://www.jpf.go.jp/j/project/japanese/survey/area/country/2025/slovenia_2.pdf,e125d8fbe29a5e56fad6bde849bb8b542a65940aa845a65b23d0216f805fa9c8,2026-10-08,reviewed_named_materials
jf-profile-2025-RS,The Japan Foundation,country_area_profile,2025,https://www.jpf.go.jp/j/project/japanese/survey/area/country/2025/serbia_2.pdf,20a74940dc8867b7c867c12321c24e5db746a3ecd9284d0d0b132b77fcf2fed0,2026-10-08,reviewed_named_materials
jf-profile-2025-TJ,The Japan Foundation,country_area_profile,2025,https://www.jpf.go.jp/j/project/japanese/survey/area/country/2025/tajikistan_2.pdf,68b3315f742028ed55e12fe08d463e090078a9611b7ac5ae531edbc79fc8f2f3,2026-10-08,reviewed_named_materials
jf-profile-2025-CZ,The Japan Foundation,country_area_profile,2025,https://www.jpf.go.jp/j/project/japanese/survey/area/country/2025/czech_2.pdf,df4b47072c97d096724876e2892fcb0ff1aee32ea733969f1fa1e85e331b86c2,2026-10-08,reviewed_named_materials
jf-profile-2025-TM,The Japan Foundation,country_area_profile,2025,https://www.jpf.go.jp/j/project/japanese/survey/area/country/2025/turkmenistan_2.pdf,e1e47b4988584e1bb4f78eb2118be7a38e0771daac47f6e80d8eeba8e5bd496d,2026-10-08,reviewed_named_materials
jf-profile-2025-HU,The Japan Foundation,country_area_profile,2025,https://www.jpf.go.jp/j/project/japanese/survey/area/country/2025/hungary_2.pdf,0407b1b816ed67eea38f572899f5847c22ab17c9c22562c27005dac0d8bc18a8,2026-10-08,reviewed_named_materials
jf-profile-2025-BG,The Japan Foundation,country_area_profile,2025,https://www.jpf.go.jp/j/project/japanese/survey/area/country/2025/bulgaria_2.pdf,f4b4f04e6e7312466befe58f9c110daf86f4e95254e2e8800c9d7bf83bdb6d15,2026-10-08,reviewed_named_materials
jf-profile-2025-BY,The Japan Foundation,country_area_profile,2025,https://www.jpf.go.jp/j/project/japanese/survey/area/country/2025/belarus_2.pdf,6e5d7aaaf6ad646ebfebd6d1a5fb82dd1d7eb07a6535bd25d0e11d0c5660bebf,2026-10-08,reviewed_named_materials
jf-profile-2025-PL,The Japan Foundation,country_area_profile,2025,https://www.jpf.go.jp/j/project/japanese/survey/area/country/2025/poland_2.pdf,464066dd677369e550672423ee8b7b8ac5f7523d0958c6e7abaf6c9f6d5eba77,2026-10-08,reviewed_named_materials
jf-profile-2025-BA,The Japan Foundation,country_area_profile,2025,https://www.jpf.go.jp/j/project/japanese/survey/area/country/2025/bosnia_h_2.pdf,c14226a6371167c8628f8c4ebea8e2dcf3ca455e52594f3d1db527480f6526a3,2026-10-08,reviewed_named_materials
jf-profile-2025-MD,The Japan Foundation,country_area_profile,2025,https://www.jpf.go.jp/j/project/japanese/survey/area/country/2025/moldova_2.pdf,e2b1e2c9d32b9f81c1e772d7d3d128e8d1edb86a8e01173abcab530cab50c345,2026-10-08,reviewed_named_materials
jf-profile-2025-ME,The Japan Foundation,country_area_profile,2025,https://www.jpf.go.jp/j/project/japanese/survey/area/country/2025/montenegro_2.pdf,191b28f33af546d1509273867df7e748ed18d8efc31b7aa2d0cd1494134bb966,2026-10-08,reviewed_named_materials
jf-profile-2025-LV,The Japan Foundation,country_area_profile,2025,https://www.jpf.go.jp/j/project/japanese/survey/area/country/2025/latvia_2.pdf,a73c39e05d9f9443cc94650f445799271c761ec5efb0cb82a94d023452d7438e,2026-10-08,reviewed_named_materials
jf-profile-2025-LT,The Japan Foundation,country_area_profile,2025,https://www.jpf.go.jp/j/project/japanese/survey/area/country/2025/lithuania_2.pdf,55ae5bf51612d67c778023210da81ca450da1e6b69cbadcdad939fe1de5fa2fe,2026-10-08,reviewed_named_materials
jf-profile-2025-RO,The Japan Foundation,country_area_profile,2025,https://www.jpf.go.jp/j/project/japanese/survey/area/country/2025/romania_2.pdf,5c0ab3b57b2b6d1a6cd58070f2d81682773a61c89dac5435469285c0526ad18f,2026-10-08,reviewed_named_materials
jf-profile-2025-RU,The Japan Foundation,country_area_profile,2025,https://www.jpf.go.jp/j/project/japanese/survey/area/country/2025/russia_2.pdf,f7c5208e0d5ce3f58151cce6f2197b256d45d676c4b9e31a45d77f02a7889500,2026-10-08,reviewed_named_materials
jf-profile-2025-AF,The Japan Foundation,country_area_profile,2025,https://www.jpf.go.jp/j/project/japanese/survey/area/country/2025/afghanistan_2.pdf,9ff79cb7e9e54295fa144d582adbf69f3bf908d612ce90cfff9d8c512474624e,2026-10-08,reviewed_named_materials
jf-profile-2025-AE,The Japan Foundation,country_area_profile,2025,https://www.jpf.go.jp/j/project/japanese/survey/area/country/2025/uae_2.pdf,8091f3ea8c167f78c5c48985e03a9601c06fdbfbf3fc437d9d34597cfbbf3bc8,2026-10-08,reviewed_named_materials
jf-profile-2025-YE,The Japan Foundation,country_area_profile,2025,https://www.jpf.go.jp/j/project/japanese/survey/area/country/2025/yemen_2.pdf,ff93bd90e3196a59ea3dc8513157ee7b1db1a94392b4bb7f2b5dc038f82d4c1c,2026-10-08,reviewed_named_materials
jf-profile-2025-IL,The Japan Foundation,country_area_profile,2025,https://www.jpf.go.jp/j/project/japanese/survey/area/country/2025/israel_2.pdf,63a0abeb254395f7933cf9486a3534b41b06ee789b610f879c5fb16d0bc8c51e,2026-10-08,reviewed_no_named_titles
jf-profile-2025-IQ,The Japan Foundation,country_area_profile,2025,https://www.jpf.go.jp/j/project/japanese/survey/area/country/2025/iraq_2.pdf,fa9ba47c4da0bbd789d0078bba1766da49a222a346494e55fea9b5f16d342220,2026-10-08,reviewed_named_materials
jf-profile-2025-IR,The Japan Foundation,country_area_profile,2025,https://www.jpf.go.jp/j/project/japanese/survey/area/country/2025/iran_2.pdf,58c4ba3822215493652913643c60ec9577460e9f751210c881725f3ce0125ab9,2026-10-08,reviewed_named_materials
jf-profile-2025-OM,The Japan Foundation,country_area_profile,2025,https://www.jpf.go.jp/j/project/japanese/survey/area/country/2025/oman_2.pdf,66257f80eaf8b48b631fa6d94b7f9efe39452aa08a1df13984c5feae353fbd47,2026-10-08,reviewed_named_materials
jf-profile-2025-QA,The Japan Foundation,country_area_profile,2025,https://www.jpf.go.jp/j/project/japanese/survey/area/country/2025/qatar_2.pdf,329df18293fab8d61b2f9acf4e54dbe9cc48678e22fafa7ec479e15f1e90dc31,2026-10-08,reviewed_named_materials
jf-profile-2025-KW,The Japan Foundation,country_area_profile,2025,https://www.jpf.go.jp/j/project/japanese/survey/area/country/2025/kuwait_2.pdf,6d818d34bea058d3aa8ca4e741f85b0360802f45d813a1bbe865c30c2e789005,2026-10-08,reviewed_named_materials
jf-profile-2025-SA,The Japan Foundation,country_area_profile,2025,https://www.jpf.go.jp/j/project/japanese/survey/area/country/2025/saudiarabia_2.pdf,956313545e5054e1e5c7dc7ebe973dcba0f1c15f7d059968306818194fe93600,2026-10-08,reviewed_named_materials
jf-profile-2025-SY,The Japan Foundation,country_area_profile,2025,https://www.jpf.go.jp/j/project/japanese/survey/area/country/2025/syria_2.pdf,f2695f31fd718a4195d2e674811f9b6248f6319b6093cf92a55957ee5b3453a8,2026-10-08,reviewed_named_materials
jf-profile-2025-TR,The Japan Foundation,country_area_profile,2025,https://www.jpf.go.jp/j/project/japanese/survey/area/country/2025/turkey_2.pdf,fcae20e0111a8b89e87ffd73e85f432a0b9d54fe3328bdc9da8876aaad249fdf,2026-10-08,reviewed_named_materials
jf-profile-2025-BH,The Japan Foundation,country_area_profile,2025,https://www.jpf.go.jp/j/project/japanese/survey/area/country/2025/bahrain_2.pdf,7357ed146a4f1dd1bd97dbb5a4627b229b7ea33aa246fe089b5b50e70a913911,2026-10-08,reviewed_no_named_titles
jf-profile-2025-PS,The Japan Foundation,country_area_profile,2025,https://www.jpf.go.jp/j/project/japanese/survey/area/country/2025/palestine_2.pdf,7b156e682598fa7956b3ad131d9daee71f84afe508c0ddee516040dda8f4f692,2026-10-08,reviewed_named_materials
jf-profile-2025-JO,The Japan Foundation,country_area_profile,2025,https://www.jpf.go.jp/j/project/japanese/survey/area/country/2025/jordan_2.pdf,d7aff2076296d8f6e1996153c14278287a1a09cbd3ef3b69a7a4926d6a192dea,2026-10-08,reviewed_named_materials
jf-profile-2025-LB,The Japan Foundation,country_area_profile,2025,https://www.jpf.go.jp/j/project/japanese/survey/area/country/2025/lebanon_2.pdf,9f287b913ae3712f717fa4478f3c329ebc9fe19958517cfd37bff922a5b40411,2026-10-08,reviewed_named_materials
jf-profile-2025-DZ,The Japan Foundation,country_area_profile,2025,https://www.jpf.go.jp/j/project/japanese/survey/area/country/2025/algerie_2.pdf,62ce24fe02bc7a269a94e671c7b0361919fb2627e286765474defb8d1ac60c7f,2026-10-08,reviewed_named_materials
jf-profile-2025-EG,The Japan Foundation,country_area_profile,2025,https://www.jpf.go.jp/j/project/japanese/survey/area/country/2025/egypt_2.pdf,f7e8cfe0d883078a743da14652a09c2e326c982f6ec9e36a7e54b6325602829d,2026-10-08,reviewed_named_materials
jf-profile-2025-SD,The Japan Foundation,country_area_profile,2025,https://www.jpf.go.jp/j/project/japanese/survey/area/country/2025/sudan_2.pdf,7f81c2dfde551346a593ae9a529c4cdc33465bcc8ead89b9b65db8556e659e59,2026-10-08,reviewed_no_named_titles
jf-profile-2025-TN,The Japan Foundation,country_area_profile,2025,https://www.jpf.go.jp/j/project/japanese/survey/area/country/2025/tunisia_2.pdf,2843114caa7a66c575e2b09747858be6950df1555d42fe1446827a4c425cccb4,2026-10-08,reviewed_named_materials
jf-profile-2025-MA,The Japan Foundation,country_area_profile,2025,https://www.jpf.go.jp/j/project/japanese/survey/area/country/2025/morocco_2.pdf,7ed06aa66f4dd925724853193e0e35c4b4378f92fe34aae32165dc33ec1d08ff,2026-10-08,reviewed_named_materials
jf-profile-2025-LY,The Japan Foundation,country_area_profile,2025,https://www.jpf.go.jp/j/project/japanese/survey/area/country/2025/libya_2.pdf,999199e4b325f612b7e63e3d263806ef273fc5aa0825b334a78d9ea88ea1ce51,2026-10-08,reviewed_no_named_titles
jf-profile-2025-AO,The Japan Foundation,country_area_profile,2025,https://www.jpf.go.jp/j/project/japanese/survey/area/country/2025/angola_2.pdf,94b59ff133fd620d50ad01d505248fb0fd9a1498c9fca7a0e079922ffdd049af,2026-10-08,reviewed_no_named_titles
jf-profile-2025-UG,The Japan Foundation,country_area_profile,2025,https://www.jpf.go.jp/j/project/japanese/survey/area/country/2025/uganda_2.pdf,58a9a4d177dfd9f106c27ea44251714fcb4f127eb93306ba16e1cf2d4e7d21d1,2026-10-08,reviewed_no_named_titles
jf-profile-2025-SZ,The Japan Foundation,country_area_profile,2025,https://www.jpf.go.jp/j/project/japanese/survey/area/country/2025/eswatini_2.pdf,caa123f354efde32ec6fc691ff90e9e1a09389906bba6db5fb70a15903723358,2026-10-08,reviewed_no_named_titles
jf-profile-2025-ET,The Japan Foundation,country_area_profile,2025,https://www.jpf.go.jp/j/project/japanese/survey/area/country/2025/ethiopia_2.pdf,6050c6bf1c80cd97443ac1516a85b4f52b340d1546ab513324a860e344071a60,2026-10-08,reviewed_named_materials
jf-profile-2025-ER,The Japan Foundation,country_area_profile,2025,https://www.jpf.go.jp/j/project/japanese/survey/area/country/2025/ertra_2.pdf,6be3a9a2b112f4fa99b65322c6bf7ad9b11744d75f56ea2958fcc4a6797f74ed,2026-10-08,reviewed_no_named_titles
jf-profile-2025-GH,The Japan Foundation,country_area_profile,2025,https://www.jpf.go.jp/j/project/japanese/survey/area/country/2025/ghana_2.pdf,fd11ee27bbd6c20bea50a3e70206af7e4cbbdfca4efad0f1c286f84562c66d3e,2026-10-08,reviewed_named_materials
jf-profile-2025-GA,The Japan Foundation,country_area_profile,2025,https://www.jpf.go.jp/j/project/japanese/survey/area/country/2025/gabon_2.pdf,21825f640ba8789ac5f24b3ce3899c40820b42b0c6ad08855e2d19d4ac3a736a,2026-10-08,reviewed_no_named_titles
jf-profile-2025-CM,The Japan Foundation,country_area_profile,2025,https://www.jpf.go.jp/j/project/japanese/survey/area/country/2025/cameroon_2.pdf,727f3b90e1c6724c8fb94efbb3d789ca9d3bfc399e0b1ffc72df74aa901c7f8f,2026-10-08,reviewed_named_materials
jf-profile-2025-GM,The Japan Foundation,country_area_profile,2025,https://www.jpf.go.jp/j/project/japanese/survey/area/country/2025/gambia_2.pdf,068c81577b72c6f3b2325f5d40091d4d4105dffac1f618d0e03c0fa500616192,2026-10-08,reviewed_no_named_titles
jf-profile-2025-GN,The Japan Foundation,country_area_profile,2025,https://www.jpf.go.jp/j/project/japanese/survey/area/country/2025/guinee_2.pdf,af7096b7a91bf5a9261be981dfbd9337a334dd9f07a3d063d95aa5e7f5653cf8,2026-10-08,reviewed_no_named_titles
jf-profile-2025-GW,The Japan Foundation,country_area_profile,2025,https://www.jpf.go.jp/j/project/japanese/survey/area/country/2025/guine_bissau_2.pdf,b130b4cdccbbf143b76ea8cd156cfc1a0d185c8fcdde75edbad8cbec50d19f6a,2026-10-08,reviewed_no_named_titles
jf-profile-2025-KE,The Japan Foundation,country_area_profile,2025,https://www.jpf.go.jp/j/project/japanese/survey/area/country/2025/kenya_2.pdf,,,source_unavailable
jf-profile-2025-CI,The Japan Foundation,country_area_profile,2025,https://www.jpf.go.jp/j/project/japanese/survey/area/country/2025/cote_d_2.pdf,b7bbfbbd126f0ae4bc292ac45c8b499e9e70278971f875250809011db5e2d797,2026-10-08,reviewed_named_materials
jf-profile-2025-KM,The Japan Foundation,country_area_profile,2025,https://www.jpf.go.jp/j/project/japanese/survey/area/country/2025/comores_2.pdf,423ea164190ddf4349615eda53ae24f69178c1a58498154223351d13bb2760f7,2026-10-08,reviewed_no_named_titles
jf-profile-2025-CG,The Japan Foundation,country_area_profile,2025,https://www.jpf.go.jp/j/project/japanese/survey/area/country/2025/r_congo_2.pdf,10a489902995c8ce3395f7a2df870a2640992fe697f6af4fa4bfcca04b9d19c1,2026-10-08,reviewed_no_named_titles
jf-profile-2025-CD,The Japan Foundation,country_area_profile,2025,https://www.jpf.go.jp/j/project/japanese/survey/area/country/2025/congo_2.pdf,,,source_unavailable
jf-profile-2025-ST,The Japan Foundation,country_area_profile,2025,https://www.jpf.go.jp/j/project/japanese/survey/area/country/2025/sao_tome_and_principe_2.pdf,520742352a173cdc5dce39512a68aa01524d1304aaa7a2615d9e87f522725af9,2026-10-08,reviewed_no_named_titles
jf-profile-2025-ZM,The Japan Foundation,country_area_profile,2025,https://www.jpf.go.jp/j/project/japanese/survey/area/country/2025/zambia_2.pdf,,,source_unavailable
jf-profile-2025-SL,The Japan Foundation,country_area_profile,2025,https://www.jpf.go.jp/j/project/japanese/survey/area/country/2025/sierra_leone_2.pdf,,,source_unavailable
jf-profile-2025-DJ,The Japan Foundation,country_area_profile,2025,https://www.jpf.go.jp/j/project/japanese/survey/area/country/2025/djibouti_2.pdf,,,source_unavailable
jf-profile-2025-ZW,The Japan Foundation,country_area_profile,2025,https://www.jpf.go.jp/j/project/japanese/survey/area/country/2025/zimbabwe_2.pdf,,,source_unavailable
jf-profile-2025-SC,The Japan Foundation,country_area_profile,2025,https://www.jpf.go.jp/j/project/japanese/survey/area/country/2025/seychelles_2.pdf,,,source_unavailable
jf-profile-2025-GQ,The Japan Foundation,country_area_profile,2025,https://www.jpf.go.jp/j/project/japanese/survey/area/country/2025/equatorial_guinea_2.pdf,,,source_unavailable
jf-profile-2025-SN,The Japan Foundation,country_area_profile,2025,https://www.jpf.go.jp/j/project/japanese/survey/area/country/2025/senegal_2.pdf,,,source_unavailable
jf-profile-2025-SO,The Japan Foundation,country_area_profile,2025,https://www.jpf.go.jp/j/project/japanese/survey/area/country/2025/somali_2.pdf,,,source_unavailable
jf-profile-2025-TZ,The Japan Foundation,country_area_profile,2025,https://www.jpf.go.jp/j/project/japanese/survey/area/country/2025/tanzania_2.pdf,,,source_unavailable
jf-profile-2025-TD,The Japan Foundation,country_area_profile,2025,https://www.jpf.go.jp/j/project/japanese/survey/area/country/2025/chad_2.pdf,,,source_unavailable
jf-profile-2025-CF,The Japan Foundation,country_area_profile,2025,https://www.jpf.go.jp/j/project/japanese/survey/area/country/2025/c_africa_2.pdf,,,source_unavailable
jf-profile-2025-TG,The Japan Foundation,country_area_profile,2025,https://www.jpf.go.jp/j/project/japanese/survey/area/country/2025/togo_2.pdf,,,source_unavailable
jf-profile-2025-NG,The Japan Foundation,country_area_profile,2025,https://www.jpf.go.jp/j/project/japanese/survey/area/country/2025/nigeria_2.pdf,,,source_unavailable
jf-profile-2025-NA,The Japan Foundation,country_area_profile,2025,https://www.jpf.go.jp/j/project/japanese/survey/area/country/2025/namibia_2.pdf,,,source_unavailable
jf-profile-2025-NE,The Japan Foundation,country_area_profile,2025,https://www.jpf.go.jp/j/project/japanese/survey/area/country/2025/niger_2.pdf,,,source_unavailable
jf-profile-2025-HV,The Japan Foundation,country_area_profile,2025,https://www.jpf.go.jp/j/project/japanese/survey/area/country/2025/burkina_2.pdf,,,source_unavailable
jf-profile-2025-BI,The Japan Foundation,country_area_profile,2025,https://www.jpf.go.jp/j/project/japanese/survey/area/country/2025/burundi_2.pdf,,,source_unavailable
jf-profile-2025-DY,The Japan Foundation,country_area_profile,2025,https://www.jpf.go.jp/j/project/japanese/survey/area/country/2025/benin_2.pdf,,,source_unavailable
jf-profile-2025-BW,The Japan Foundation,country_area_profile,2025,https://www.jpf.go.jp/j/project/japanese/survey/area/country/2025/botswana_2.pdf,,,source_unavailable
jf-profile-2025-MG,The Japan Foundation,country_area_profile,2025,https://www.jpf.go.jp/j/project/japanese/survey/area/country/2025/madagascar_2.pdf,,,source_unavailable
jf-profile-2025-MW,The Japan Foundation,country_area_profile,2025,https://www.jpf.go.jp/j/project/japanese/survey/area/country/2025/malawi_2.pdf,,,source_unavailable
jf-profile-2025-ML,The Japan Foundation,country_area_profile,2025,https://www.jpf.go.jp/j/project/japanese/survey/area/country/2025/mali_2.pdf,,,source_unavailable
jf-profile-2025-SS,The Japan Foundation,country_area_profile,2025,https://www.jpf.go.jp/j/project/japanese/survey/area/country/2025/s_sudan_2.pdf,,,source_unavailable
jf-profile-2025-MU,The Japan Foundation,country_area_profile,2025,https://www.jpf.go.jp/j/project/japanese/survey/area/country/2025/mauritius_2.pdf,,,source_unavailable
jf-profile-2025-MR,The Japan Foundation,country_area_profile,2025,https://www.jpf.go.jp/j/project/japanese/survey/area/country/2025/mauritania_2.pdf,,,source_unavailable
jf-profile-2025-MZ,The Japan Foundation,country_area_profile,2025,https://www.jpf.go.jp/j/project/japanese/survey/area/country/2025/mozambique_2.pdf,,,source_unavailable
jf-profile-2025-LR,The Japan Foundation,country_area_profile,2025,https://www.jpf.go.jp/j/project/japanese/survey/area/country/2025/liberia_2.pdf,,,source_unavailable
jf-profile-2025-RW,The Japan Foundation,country_area_profile,2025,https://www.jpf.go.jp/j/project/japanese/survey/area/country/2025/rwanda_2.pdf,,,source_unavailable
jf-profile-2025-LS,The Japan Foundation,country_area_profile,2025,https://www.jpf.go.jp/j/project/japanese/survey/area/country/2025/lesotho_2.pdf,,,source_unavailable
jf-survey-2006,The Japan Foundation,survey_table,2006,https://www.jpf.go.jp/j/project/japanese/survey/result/dl/2006-8.pdf,,2026-10-07,existing_panel_totals_validated
jf-survey-2009,The Japan Foundation,survey_table,2009,https://www.jpf.go.jp/j/project/japanese/survey/result/dl/survey_2009/2009-08.pdf,,2026-10-07,existing_panel_totals_validated
jf-survey-2012,The Japan Foundation,survey_table,2012,https://www.jpf.go.jp/j/project/japanese/survey/result/dl/survey_2015/10.xls,,2026-10-07,existing_panel_totals_validated
jf-survey-2015,The Japan Foundation,survey_table,2015,https://www.jpf.go.jp/j/project/japanese/survey/result/dl/survey_2015/1-1a.xls,,2026-10-07,existing_panel_totals_validated
jf-survey-2018,The Japan Foundation,survey_table,2018,https://www.jpf.go.jp/j/project/japanese/survey/result/dl/survey2018/1-1b.xls,,2026-10-07,existing_panel_totals_validated
jf-survey-2021,The Japan Foundation,survey_table,2021,https://www.jpf.go.jp/j/project/japanese/survey/result/dl/survey2021/1-1b.xlsx,,2026-10-07,existing_panel_totals_validated
jf-survey-2024,The Japan Foundation,survey_table,2024,https://www.jpf.go.jp/j/project/japanese/survey/result/information/dl/01-1a_202603.xlsx,,2026-10-07,existing_panel_totals_validated
