title_id,display_title,family_label,edition_resolution
title-85c34e74b966dc2a,生活日本語,生活日本語,See source_title; a family label does not identify an ISBN or exact edition.
title-77710aedc74ecfa3,日本語,日本語,See source_title; a family label does not identify an ISBN or exact edition.
title-d4a42d0491c8dfe6,日本文化,日本文化,See source_title; a family label does not identify an ISBN or exact edition.
title-e114c7d8e249ba3b,深化日本語,深化日本語,See source_title; a family label does not identify an ISBN or exact edition.
title-1fdc826386630fd7,日本語会話,日本語会話,See source_title; a family label does not identify an ISBN or exact edition.
title-a5c99fab007ab6b4,観光日本語,観光日本語,See source_title; a family label does not identify an ISBN or exact edition.
title-58e4de0d65390ba1,まるごと中級1（B1）,まるごと,See source_title; a family label does not identify an ISBN or exact edition.
title-c1da9c36cecf16a8,まるごと中級2（B2）,まるごと,See source_title; a family label does not identify an ISBN or exact edition.
title-25b8da1366c9d0b0,新・楽しい子どもの日本語,新・楽しい子どもの日本語,See source_title; a family label does not identify an ISBN or exact edition.
title-8804453b45a45d54,にほんごではなそう！,にほんごではなそう！,See source_title; a family label does not identify an ISBN or exact edition.
title-34d640c4933b04fd,大家的日本語,みんなの日本語,See source_title; a family label does not identify an ISBN or exact edition.
title-bc4edd12c82b20b9,會！日本語,會！日本語,See source_title; a family label does not identify an ISBN or exact edition.
title-0d7c1286153521a5,まるごと 日本のことばと文化,まるごと 日本のことばと文化,See source_title; a family label does not identify an ISBN or exact edition.
title-a6b2b7011c447029,新文化日本語,新文化日本語,See source_title; a family label does not identify an ISBN or exact edition.
title-8ee9abc2e205331a,小学日語教材,小学日語教材,See source_title; a family label does not identify an ISBN or exact edition.
title-10be0f72247642c0,らくらく小学生日本語,らくらく小学生日本語,See source_title; a family label does not identify an ISBN or exact edition.
title-7153bd5739ec1511,義務教育課程標準実験教科書日語,義務教育課程標準実験教科書日語,See source_title; a family label does not identify an ISBN or exact edition.
title-c4fab613e6c06a79,教師用指導書（義務教育課程標準実験教科書日語）,義務教育課程標準実験教科書日語,See source_title; a family label does not identify an ISBN or exact edition.
title-d4cf3cb0060b086a,全日制普通高級中学教科書日語,全日制普通高級中学教科書日語,See source_title; a family label does not identify an ISBN or exact edition.
title-bf42b8c09293c38f,普通高中課程標準実験教科書日語,普通高中課程標準実験教科書日語,See source_title; a family label does not identify an ISBN or exact edition.
title-a85c0bfece3660c5,普通高中日語課程標準,普通高中日語課程標準,See source_title; a family label does not identify an ISBN or exact edition.
title-59f20022e7511395,普通高級中学教科書日語必修,普通高級中学教科書日語必修,See source_title; a family label does not identify an ISBN or exact edition.
title-e93d7e4b8ae4c37c,好朋友,好朋友,See source_title; a family label does not identify an ISBN or exact edition.
title-09984ada167d29f0,エリンが挑戦！にほんごできます。,エリンが挑戦！にほんごできます。,See source_title; a family label does not identify an ISBN or exact edition.
title-ab8f7b1c9ef6d978,つながる日本語教育サイト,つながる日本語教育サイト,See source_title; a family label does not identify an ISBN or exact edition.
title-745c15531d86574a,新編日語,新編日語（上海外国語大学）,See source_title; a family label does not identify an ISBN or exact edition.
title-ddd5a63d164c61a9,新編基礎日語,新編基礎日語,See source_title; a family label does not identify an ISBN or exact edition.
title-421057a9847d9e38,新編日語（吉林教育出版社）,新編日語（吉林教育出版社）,See source_title; a family label does not identify an ISBN or exact edition.
title-3eba66c1a2d392fa,新日本語,新日本語,See source_title; a family label does not identify an ISBN or exact edition.
title-9451639948252d99,新日本語の基礎,新日本語の基礎,See source_title; a family label does not identify an ISBN or exact edition.
title-5cdf7e72cd95edca,みんなの日本語,みんなの日本語,See source_title; a family label does not identify an ISBN or exact edition.
title-d0365541799a3590,新経典日本語,新経典日本語,See source_title; a family label does not identify an ISBN or exact edition.
title-a22bd4c2003649c2,新界標日本語,新界標日本語,See source_title; a family label does not identify an ISBN or exact edition.
title-5690f8734a6b9835,日語（5–8）,日語（5–8）,See source_title; a family label does not identify an ISBN or exact edition.
title-49081e79885ea4b9,総合日語,総合日語,See source_title; a family label does not identify an ISBN or exact edition.
title-5d0defe779598fd3,新大学日語,新大学日語,See source_title; a family label does not identify an ISBN or exact edition.
title-06efdb2043c76cde,大学日語（第二外語）,大学日語（第二外語）,See source_title; a family label does not identify an ISBN or exact edition.
title-c9412d789372ad87,中日交流標準日本語 初級,中日交流標準日本語,See source_title; a family label does not identify an ISBN or exact edition.
title-082c8c5affb4160d,中日交流標準日本語 中級,中日交流標準日本語,See source_title; a family label does not identify an ISBN or exact edition.
title-6638062b897b5e83,中日交流標準日本語 会話編,中日交流標準日本語,See source_title; a family label does not identify an ISBN or exact edition.
title-6f1991610332afee,中日交流標準日本語,中日交流標準日本語,See source_title; a family label does not identify an ISBN or exact edition.
title-fbc27fad1b178f3c,大家的日語,みんなの日本語,See source_title; a family label does not identify an ISBN or exact edition.
title-4933c4327aaa729f,MARUGOTO 日本的語言与文化,まるごと,See source_title; a family label does not identify an ISBN or exact edition.
title-eaf89547b41d07ab,いっしょにあそぼう 1 ひらがな,いっしょにあそぼう 1 ひらがな,See source_title; a family label does not identify an ISBN or exact edition.
title-5b009a90352e72bf,いっしょにあそぼう 2 かたかな,いっしょにあそぼう 2 かたかな,See source_title; a family label does not identify an ISBN or exact edition.
title-6ce145b3da912fe8,いっしょにあそぼう 3 かいわ①,いっしょにあそぼう 3 かいわ①,See source_title; a family label does not identify an ISBN or exact edition.
title-f6df6574bea09818,香港少青日語 1 入門,香港少青日語 1 入門,See source_title; a family label does not identify an ISBN or exact edition.
title-013afebe2b30c147,まるごと,まるごと,See source_title; a family label does not identify an ISBN or exact edition.
title-04f3b3facf11d9a6,J.Bridge,J.Bridge,See source_title; a family label does not identify an ISBN or exact edition.
title-a222e9822c462454,文化初級日本語,文化初級日本語,See source_title; a family label does not identify an ISBN or exact edition.
title-98c513cc915ce23f,テーマ別中級から学ぶ日本語,テーマ別中級から学ぶ日本語,See source_title; a family label does not identify an ISBN or exact edition.
title-2c7be2d195b8c68f,ひろこさんのたのしいにほんご,ひろこさんのたのしいにほんご,See source_title; a family label does not identify an ISBN or exact edition.
title-7cdadfc85135a255,日本語初歩,日本語初歩,See source_title; a family label does not identify an ISBN or exact edition.
title-4f86909dc862b65d,できるよ（1）～（4）,できるよ（1）～（4）,See source_title; a family label does not identify an ISBN or exact edition.
title-fee5aa5e103712de,わくわく日本語 1～7,わくわく日本語 1～7,See source_title; a family label does not identify an ISBN or exact edition.
title-f745ddff7821f436,できるモン,できるモン,See source_title; a family label does not identify an ISBN or exact edition.
title-2fa90fb19e335306,できる日本語,できる日本語,See source_title; a family label does not identify an ISBN or exact edition.
title-6dc7ce9d2444dca6,モンゴル人のための日本語教科書,モンゴル人のための日本語教科書,See source_title; a family label does not identify an ISBN or exact edition.
title-9d21c82797d5c4df,日本語中級Ⅰ、Ⅱ,日本語中級Ⅰ、Ⅱ,See source_title; a family label does not identify an ISBN or exact edition.
title-ed2aeeb7dcfbbcbe,日本語中級 J301―基礎から中級へ,日本語中級 J301―基礎から中級へ,See source_title; a family label does not identify an ISBN or exact edition.
title-e41c36cf43a79d3a,翻訳・ 文法解説モンゴル語版,翻訳・ 文法解説モンゴル語版,See source_title; a family label does not identify an ISBN or exact edition.
title-3009513eb30915d0,いろどり,いろどり,See source_title; a family label does not identify an ISBN or exact edition.
title-5861cbc7254bbf8c,日本語Ⅰ、Ⅱ、Ⅲ,日本語Ⅰ、Ⅱ、Ⅲ,See source_title; a family label does not identify an ISBN or exact edition.
title-f62f73bc53f02358,中級へ行こう,中級へ行こう,See source_title; a family label does not identify an ISBN or exact edition.
title-d906035db64cf6b2,中級を学ぼう,中級を学ぼう,See source_title; a family label does not identify an ISBN or exact edition.
title-83f0a4ce5c0b249c,ニューアプローチ中級日本語,ニューアプローチ中級日本語,See source_title; a family label does not identify an ISBN or exact edition.
title-0cc0a41824d22cbe,漢字マスター,漢字マスター,See source_title; a family label does not identify an ISBN or exact edition.
title-0c8e06c843ff1b2c,毎日の聞き取り,毎日の聞き取り,See source_title; a family label does not identify an ISBN or exact edition.
title-564d54cfd2af95ff,にほんご☆キラキラ,にほんご☆キラキラ,See source_title; a family label does not identify an ISBN or exact edition.
title-bda83719031e8ecc,にほんご☆ラクラク,にほんご☆ラクラク,See source_title; a family label does not identify an ISBN or exact edition.
title-189e67712bc8fe6b,インドネシアへようこそ,インドネシアへようこそ,See source_title; a family label does not identify an ISBN or exact edition.
title-1b2d700b936354d9,学ぼう！にほんご,学ぼう！にほんご,See source_title; a family label does not identify an ISBN or exact edition.
title-60e0f4409344b2d5,いろどり 生活の日本語,いろどり 生活の日本語,See source_title; a family label does not identify an ISBN or exact edition.
title-b6afbeab21be18b1,IRODORI Indonesia,いろどり,See source_title; a family label does not identify an ISBN or exact edition.
title-794b6b74df08c1a2,Basic Kanji Book,Basic Kanji Book,See source_title; a family label does not identify an ISBN or exact edition.
title-82667ae5d266b696,聞いて覚える話し方日本語生中継（初中級編 1、2）,聞いて覚える話し方日本語生中継（初中級編 1、2）,See source_title; a family label does not identify an ISBN or exact edition.
title-a94a650955dea9f7,大学・大学院留学生の日本語〈4〉論文作成編,大学・大学院留学生の日本語〈4〉論文作成編,See source_title; a family label does not identify an ISBN or exact edition.
title-b8671d72acedb2aa,にほんごで働く！ビジネス日本語 30 時間,にほんごで働く！ビジネス日本語 30 時間,See source_title; a family label does not identify an ISBN or exact edition.
title-2b05c61a93eb5227,職場の日本語,職場の日本語,See source_title; a family label does not identify an ISBN or exact edition.
title-bbb0c55d39607d47,こどものにほんご,こどものにほんご,See source_title; a family label does not identify an ISBN or exact edition.
title-9fbee279438f9da1,文化初級日本語ⅠⅡ,文化初級日本語ⅠⅡ,See source_title; a family label does not identify an ISBN or exact edition.
title-b843a5331b403f97,タスクベースで学ぶ日本語１～３,タスクベースで学ぶ日本語１～３,See source_title; a family label does not identify an ISBN or exact edition.
title-ede0a16a91ea98f8,毎日の聞きとり PLUS 40（下）,毎日の聞きとり PLUS 40（下）,See source_title; a family label does not identify an ISBN or exact edition.
title-aa72ac53e71186f6,日本への招待,日本への招待,See source_title; a family label does not identify an ISBN or exact edition.
title-3249f9865bf4502d,留学生のための学びの扉・分野別,留学生のための学びの扉・分野別,See source_title; a family label does not identify an ISBN or exact edition.
title-eda1df820dffba17,Japanese for Busy People,Japanese for Busy People,See source_title; a family label does not identify an ISBN or exact edition.
title-a3f09952e05dc7ec,新文化初級日本語ⅠⅡ,新文化初級日本語ⅠⅡ,See source_title; a family label does not identify an ISBN or exact edition.
title-f95a1d49671dfd48,ビジネスのための日本語,ビジネスのための日本語,See source_title; a family label does not identify an ISBN or exact edition.
title-a1f1b89f63ba7922,商談のための日本語,商談のための日本語,See source_title; a family label does not identify an ISBN or exact edition.
title-9d0cf8b76a1e6679,上級へのとびら,上級へのとびら,See source_title; a family label does not identify an ISBN or exact edition.
title-d4614cebe7371aa9,つなぐにほんご,つなぐにほんご,See source_title; a family label does not identify an ISBN or exact edition.
title-f6ce20ad8be23d26,あきこと友だち,あきこと友だち,See source_title; a family label does not identify an ISBN or exact edition.
title-da42ceb5a6bad70d,あきこと友だち 教師用指導書,あきこと友だち,See source_title; a family label does not identify an ISBN or exact edition.
title-a9f91f396fb2e257,あきこと友だち ミニ情報,あきこと友だち,See source_title; a family label does not identify an ISBN or exact edition.
title-e5df04893685d8d5,あきこと友だち とびら動画,あきこと友だち,See source_title; a family label does not identify an ISBN or exact edition.
title-bf9398abbe7c4bb9,こはるといっしょに ひらがなわぁ～い,こはるシリーズ,See source_title; a family label does not identify an ISBN or exact edition.
title-efc50a28e02c11d8,こはるといっしょに にほんごわぁ～い1,こはるシリーズ,See source_title; a family label does not identify an ISBN or exact edition.
title-9892d69cdc457713,こはるといっしょに にほんごわぁ～い2,こはるシリーズ,See source_title; a family label does not identify an ISBN or exact edition.
title-37244585dccb17a7,カタカナスースー,こはるシリーズ,See source_title; a family label does not identify an ISBN or exact edition.
title-36cfbaeae8cbc373,大地,大地,See source_title; a family label does not identify an ISBN or exact edition.
title-6e8e63b8204aa538,初級日本語,初級日本語,See source_title; a family label does not identify an ISBN or exact edition.
title-7af5cebe1fb2c80f,ニューアプローチ,ニューアプローチ,See source_title; a family label does not identify an ISBN or exact edition.
title-10edb39d2873ad2f,テーマ別中級で学ぶ日本語,テーマ別中級で学ぶ日本語,See source_title; a family label does not identify an ISBN or exact edition.
title-6eb1d411e96a27e0,日本語中級,日本語中級,See source_title; a family label does not identify an ISBN or exact edition.
title-1c3c6040ee235d3b,日本語上級,日本語上級,See source_title; a family label does not identify an ISBN or exact edition.
title-edd399722b8c9579,エリンが挑戦！にほんごできます,エリンが挑戦！にほんごできます,See source_title; a family label does not identify an ISBN or exact edition.
title-a64492549292f0bc,Lian Japones-Tetun,Lian Japones-Tetun,See source_title; a family label does not identify an ISBN or exact edition.
title-51f9d64d8f743a12,Loro Loron ! Lingua Japaun,Loro Loron ! Lingua Japaun,See source_title; a family label does not identify an ISBN or exact edition.
title-850e55a7b7863ee0,enTree:Halina! Be a NIHONGOJIN!!,enTree:Halina! Be a NIHONGOJIN!!,See source_title; a family label does not identify an ISBN or exact edition.
title-83460c5bb06bd9a0,げんき,げんき,See source_title; a family label does not identify an ISBN or exact edition.
title-2972692c9e5a006d,NEJ: A New Approach to Elementary Japanese,NEJ: A New Approach to Elementary Japanese,See source_title; a family label does not identify an ISBN or exact edition.
title-4606fd3611183d3e,にほんご（3、4年生）,にほんご（3、4年生）,See source_title; a family label does not identify an ISBN or exact edition.
title-6a339072bbefe7c2,にほんご（5年生）,にほんご（5年生）,See source_title; a family label does not identify an ISBN or exact edition.
title-67ade247e0299fd3,にほんご（6～12年生）,にほんご（6～12年生）,See source_title; a family label does not identify an ISBN or exact edition.
title-7a81b4c2c9b59ad7,日本語（1巻—7巻）,日本語（ベトナム第二外国語）,See source_title; a family label does not identify an ISBN or exact edition.
title-e39351fee1ef17a1,日本語第1巻（6年生）,日本語（ベトナム第二外国語）,See source_title; a family label does not identify an ISBN or exact edition.
title-807199260e33423b,日本語第2巻（7年生）,日本語（ベトナム第二外国語）,See source_title; a family label does not identify an ISBN or exact edition.
title-af05f931df706d34,中級日本語,中級日本語,See source_title; a family label does not identify an ISBN or exact edition.
title-deffa6fea0cd0c65,ニューアプローチ中級日本語[基礎編],ニューアプローチ中級日本語[基礎編],See source_title; a family label does not identify an ISBN or exact edition.
title-39853c0d4d75c203,NEJ：A New Approach to Elementary Japanese,NEJ,See source_title; a family label does not identify an ISBN or exact edition.
title-3a37d8a16e0d72b0,おひさま〔はじめのいっぽ〕,おひさま〔はじめのいっぽ〕,See source_title; a family label does not identify an ISBN or exact edition.
title-c901d4f70037770f,日本語読解入門,日本語読解入門,See source_title; a family label does not identify an ISBN or exact edition.
title-13e4bd01a20e7bef,テーマ別上級で学ぶ日本語,テーマ別上級で学ぶ日本語,See source_title; a family label does not identify an ISBN or exact edition.
title-e6349d1014fc5262,新完全マスター,新完全マスター,See source_title; a family label does not identify an ISBN or exact edition.
title-50f6a3895858981c,スピードマスター,スピードマスター,See source_title; a family label does not identify an ISBN or exact edition.
title-349920def0c392cc,耳から覚える,耳から覚える,See source_title; a family label does not identify an ISBN or exact edition.
title-0806a0d35f2706d8,日本語総まとめ,日本語総まとめ,See source_title; a family label does not identify an ISBN or exact edition.
title-9b96f90ccd2e1196,にほんごチャレンジ,にほんごチャレンジ,See source_title; a family label does not identify an ISBN or exact edition.
title-6f9484d34e0fe37b,TRY!,TRY!,See source_title; a family label does not identify an ISBN or exact edition.
title-97667d7ef7852190,わくわくにほんご,わくわくにほんご,See source_title; a family label does not identify an ISBN or exact edition.
title-a035eaeab4874bb4,にほんごをまなぼう,にほんごをまなぼう,See source_title; a family label does not identify an ISBN or exact edition.
title-519f9962f040e8c0,にほんご,にほんご,See source_title; a family label does not identify an ISBN or exact edition.
title-f1cc7c68d3b5fdcc,UME,UME,See source_title; a family label does not identify an ISBN or exact edition.
title-75f0054dc04b215e,もも,もも,See source_title; a family label does not identify an ISBN or exact edition.
title-78d493c78d397731,さくら,さくら,See source_title; a family label does not identify an ISBN or exact edition.
title-75378631e8c27394,Haru-1,Haru-1,See source_title; a family label does not identify an ISBN or exact edition.
title-ea94fe001d33b635,Haru-2,Haru-2,See source_title; a family label does not identify an ISBN or exact edition.
title-36abe36ad961c076,こはるシリーズ,こはるシリーズ,See source_title; a family label does not identify an ISBN or exact edition.
title-67685889bf539480,サチニさんといっしょ,サチニさんといっしょ,See source_title; a family label does not identify an ISBN or exact edition.
title-ef33c1a6fd7655fa,新日本語の基礎漢字練習帳ⅠⅡ,新日本語の基礎漢字練習帳ⅠⅡ,See source_title; a family label does not identify an ISBN or exact edition.
title-88d00e18861aa741,絵入り日本語作文入門,絵入り日本語作文入門,See source_title; a family label does not identify an ISBN or exact edition.
title-6d34652b9dc59044,文化中級日本語,文化中級日本語,See source_title; a family label does not identify an ISBN or exact edition.
title-43d72318b411a7c9,日本語作文Ⅰ,日本語作文Ⅰ,See source_title; a family label does not identify an ISBN or exact edition.
title-ebc4e506868e71a9,日本語中級読解入門,日本語中級読解入門,See source_title; a family label does not identify an ISBN or exact edition.
title-afb3cffec28f9bdd,日本語の基礎,日本語の基礎,See source_title; a family label does not identify an ISBN or exact edition.
title-0f9aa2b977e6e352,新しい日本語,新しい日本語,See source_title; a family label does not identify an ISBN or exact edition.
title-3cedd44946cf3ecd,初級日本語とびら,初級日本語とびら,See source_title; a family label does not identify an ISBN or exact edition.
title-fb2cb45b6b443241,ella,ella,See source_title; a family label does not identify an ISBN or exact edition.
title-82cbabde20f19e41,Japanese for Young People,Japanese for Young People,See source_title; a family label does not identify an ISBN or exact edition.
title-f9fcc4137efe3d57,Japanese from Zero,Japanese from Zero,See source_title; a family label does not identify an ISBN or exact edition.
title-aff9f660c35c1621,にほんごステップ１＆２,にほんごステップ１＆２,See source_title; a family label does not identify an ISBN or exact edition.
title-b51f1d3b49190f6c,さくらⅢ～Ⅴ,さくらⅢ～Ⅴ,See source_title; a family label does not identify an ISBN or exact edition.
title-85c5114b197525f4,日本語を話そう Manuel pédagogique de japonais Classe de Seconde,日本語を話そう Manuel pédagogique de japonais Classe de Seconde,See source_title; a family label does not identify an ISBN or exact edition.
title-f5a42b215f6a49cb,日本語を話そう Livret de japonais Classe de Première,日本語を話そう Livret de japonais Classe de Première,See source_title; a family label does not identify an ISBN or exact edition.
title-91cd4be2b6c53f2c,日本語を話そう Livret de japonais Classe de Terminale,日本語を話そう Livret de japonais Classe de Terminale,See source_title; a family label does not identify an ISBN or exact edition.
title-8aa0db0fe8ea08b0,Lexique Japonais – Français,Lexique Japonais – Français,See source_title; a family label does not identify an ISBN or exact edition.
title-e09dfe1dbc9ae037,Lexique Français Japonais,Lexique Français Japonais,See source_title; a family label does not identify an ISBN or exact edition.
title-34407723186f31a5,Livret de Kanji,Livret de Kanji,See source_title; a family label does not identify an ISBN or exact edition.
title-7bfc248b13d8103e,Cahier d’exercices en Japonais - Hiragana Katakana,Cahier d’exercices en Japonais - Hiragana Katakana,See source_title; a family label does not identify an ISBN or exact edition.
title-f6412b64590a4612,Manuel de Kanji Tome 1,Manuel de Kanji Tome 1,See source_title; a family label does not identify an ISBN or exact edition.
title-391d69474bec08e7,Manuel de Kanji Tome 2,Manuel de Kanji Tome 2,See source_title; a family label does not identify an ISBN or exact edition.
title-86d6e39ecda59965,Parlons japonais,Parlons japonais,See source_title; a family label does not identify an ISBN or exact edition.
title-1472c33ca3d734b0,Hai!,Hai!,See source_title; a family label does not identify an ISBN or exact edition.
title-f87310a63f3f37b9,Obento,Obento,See source_title; a family label does not identify an ISBN or exact edition.
title-ea019ddc71418461,Ima!,Ima!,See source_title; a family label does not identify an ISBN or exact edition.
title-fe96e626cc08e994,Mirai,Mirai,See source_title; a family label does not identify an ISBN or exact edition.
title-25289a0f770b3e3b,iiTomo,iiTomo,See source_title; a family label does not identify an ISBN or exact edition.
title-29f8b395e4c82415,Getting There in Japanese,Getting There in Japanese,See source_title; a family label does not identify an ISBN or exact edition.
title-19317d5b1de4f5b4,11 年生の日本語,11 年生の日本語,See source_title; a family label does not identify an ISBN or exact edition.
title-245db7f5adbbaa44,きっとできる,きっとできる,See source_title; a family label does not identify an ISBN or exact edition.
title-1d7ef48f7e2689a2,Japanese Grammar,Japanese Grammar,See source_title; a family label does not identify an ISBN or exact edition.
title-da4fb34394c8fae6,JAPANESE FOR EVERYONE,JAPANESE FOR EVERYONE,See source_title; a family label does not identify an ISBN or exact edition.
title-7b372b39b0219284,にほんご 45 時間,にほんご 45 時間,See source_title; a family label does not identify an ISBN or exact edition.
title-38de60c8be966542,漢字マスタ ーシリーズ,漢字マスタ ーシリーズ,See source_title; a family label does not identify an ISBN or exact edition.
title-ea7f53b575d842b0,Kimono,Kimono,See source_title; a family label does not identify an ISBN or exact edition.
title-757e83369046f58a,なかま,なかま,See source_title; a family label does not identify an ISBN or exact edition.
title-3d295d51c845f82c,Adventure in Japanese,Adventure in Japanese,See source_title; a family label does not identify an ISBN or exact edition.
title-d42d197215d525bb,ようこそ,ようこそ,See source_title; a family label does not identify an ISBN or exact edition.
title-b434022b571b6136,Adventures in Japanese,Adventures in Japanese,See source_title; a family label does not identify an ISBN or exact edition.
title-800d49a731d228ad,Yookoso!,Yookoso!,See source_title; a family label does not identify an ISBN or exact edition.
title-064d6adb6691ca12,OBENTO,OBENTO,See source_title; a family label does not identify an ISBN or exact edition.
title-9bd338e36b5001ae,BASIC KANJI BOOK,BASIC KANJI BOOK,See source_title; a family label does not identify an ISBN or exact edition.
title-e73044c2b24084e6,KANJI LOOK AND LEARN,KANJI LOOK AND LEARN,See source_title; a family label does not identify an ISBN or exact edition.
title-d061aa53cdb19c55,カジュアル日本語,カジュアル日本語,See source_title; a family label does not identify an ISBN or exact edition.
title-387f9c519d282fab,レベル別日本語多読ライブラリー：にほんごよむよむ文庫,レベル別日本語多読ライブラリー：にほんごよむよむ文庫,See source_title; a family label does not identify an ISBN or exact edition.
title-9f797d4bd15be5cf,日本語多読ブックス,日本語多読ブックス,See source_title; a family label does not identify an ISBN or exact edition.
title-e241c1a1cd546279,みなと,みなと,See source_title; a family label does not identify an ISBN or exact edition.
title-2a7c15d9bbc7355a,J-Bridge,J-Bridge,See source_title; a family label does not identify an ISBN or exact edition.
title-192cecb1fcd34553,クラス活動集 101,クラス活動集 101,See source_title; a family label does not identify an ISBN or exact edition.
title-cc2efed9b2df7f9d,日本語コミュニケーションゲーム 80,日本語コミュニケーションゲーム 80,See source_title; a family label does not identify an ISBN or exact edition.
title-1b3de26f1bc27c64,新日本語の基礎漢字練習帳Ⅰ・Ⅱスペイン語版,新日本語の基礎漢字練習帳Ⅰ・Ⅱスペイン語版,See source_title; a family label does not identify an ISBN or exact edition.
title-c661773a87011a09,下村式小学漢字学習辞典,下村式小学漢字学習辞典,See source_title; a family label does not identify an ISBN or exact edition.
title-067dd0a7f4fbf354,JAPAN VIDEO TOPICS,JAPAN VIDEO TOPICS,See source_title; a family label does not identify an ISBN or exact edition.
title-28c95ddcb3fa7e99,日本語見る・聞く・話す,日本語見る・聞く・話す,See source_title; a family label does not identify an ISBN or exact edition.
title-50ff8a6b3cd6cff2,やさしい日本語,やさしい日本語,See source_title; a family label does not identify an ISBN or exact edition.
title-48978c8cc6a65fd1,ひろがる,ひろがる,See source_title; a family label does not identify an ISBN or exact edition.
title-7ff8851631c91d43,テーマで学ぶ基礎日本語,テーマで学ぶ基礎日本語,See source_title; a family label does not identify an ISBN or exact edition.
title-771eeb583707c54d,楽しい日本語,楽しい日本語,See source_title; a family label does not identify an ISBN or exact edition.
title-aa5b4bcbeeb3de67,たのしい日本語準備体操 Part1、2,たのしい日本語準備体操 Part1、2,See source_title; a family label does not identify an ISBN or exact edition.
title-3f7947d126473339,新しい「日本語能力試験」ガイドブック概要版と問題例集,新しい「日本語能力試験」ガイドブック概要版と問題例集,See source_title; a family label does not identify an ISBN or exact edition.
title-af6210b0f7f7fb99,日本語うきうき,日本語うきうき,See source_title; a family label does not identify an ISBN or exact edition.
title-8a617c0ee4b25df5,たのしいにほんご,たのしいにほんご,See source_title; a family label does not identify an ISBN or exact edition.
title-705b288e39e47e29,にほんごドレミ,にほんごドレミ,See source_title; a family label does not identify an ISBN or exact edition.
title-7716f87e48ca3b58,Japanese for today あたらしい日本語,Japanese for today あたらしい日本語,See source_title; a family label does not identify an ISBN or exact edition.
title-ed242f702c5e5b24,Japan Video Topics,Japan Video Topics,See source_title; a family label does not identify an ISBN or exact edition.
title-5a1347cc0795f7ee,すぐに使えるスペイン語会話,すぐに使えるスペイン語会話,See source_title; a family label does not identify an ISBN or exact edition.
title-9e116d19884a5bab,日本人のライフスタイル,日本人のライフスタイル,See source_title; a family label does not identify an ISBN or exact edition.
title-d6ec5f48e5e3547b,中級日本語カルテット,中級日本語カルテット,See source_title; a family label does not identify an ISBN or exact edition.
title-a82199ed98ea7da6,Japanese step by step,Japanese step by step,See source_title; a family label does not identify an ISBN or exact edition.
title-35823404507d8326,eTRY!,eTRY!,See source_title; a family label does not identify an ISBN or exact edition.
title-e025e6e9d3a391e3,新文化初級日本語,新文化初級日本語,See source_title; a family label does not identify an ISBN or exact edition.
title-513d228e0477d7e8,ひらがなマニア,ひらがなマニア,See source_title; a family label does not identify an ISBN or exact edition.
title-9f23cbc5ba18c3c0,カタカナマニア,カタカナマニア,See source_title; a family label does not identify an ISBN or exact edition.
title-59f7bd2e859c51e7,にほんごジャンプ,にほんごジャンプ,See source_title; a family label does not identify an ISBN or exact edition.
title-688e4f210534c3cb,にほんごⅠ,にほんごⅠ,See source_title; a family label does not identify an ISBN or exact edition.
title-545f421a4065c09c,にほんごⅡ,にほんごⅡ,See source_title; a family label does not identify an ISBN or exact edition.
title-4c6baebaf77c41d5,もしも日本語が話せたら,もしも日本語が話せたら,See source_title; a family label does not identify an ISBN or exact edition.
title-c5b01e8e3f654c77,日本語かな入門スペイン語版,日本語かな入門スペイン語版,See source_title; a family label does not identify an ISBN or exact edition.
title-d4aef6cef4a0f931,とびら,とびら,See source_title; a family label does not identify an ISBN or exact edition.
title-be2daa05d017375c,漢字ベーシック,漢字ベーシック,See source_title; a family label does not identify an ISBN or exact edition.
title-16799cab2877b30a,漢検漢字学習,漢検漢字学習,See source_title; a family label does not identify an ISBN or exact edition.
title-c78756616c91f92d,完全マスター,完全マスター,See source_title; a family label does not identify an ISBN or exact edition.
title-f0dde513e18860a3,中・上級のための速読の日本語,中・上級のための速読の日本語,See source_title; a family label does not identify an ISBN or exact edition.
title-3d80a366392e7cfe,小論文への 12 のステップ,小論文への 12 のステップ,See source_title; a family label does not identify an ISBN or exact edition.
title-293edc64a7d3374d,大学生になるための日本語,大学生になるための日本語,See source_title; a family label does not identify an ISBN or exact edition.
title-8ca013697f891dea,にじ改訂版,にじ改訂版,See source_title; a family label does not identify an ISBN or exact edition.
title-38fab68baf5dda89,パラグアイ・日本人造りセンター,パラグアイ・日本人造りセンター,See source_title; a family label does not identify an ISBN or exact edition.
title-9dbe849e849b10ca,きそにほんご,きそにほんご,See source_title; a family label does not identify an ISBN or exact edition.
title-1be934205edaea97,1・2・3 日本語で話しましょう,1・2・3 日本語で話しましょう,See source_title; a family label does not identify an ISBN or exact edition.
title-a57e38918d43438e,日本語ドレミ / にほんごドレミ,日本語ドレミ / にほんごドレミ,See source_title; a family label does not identify an ISBN or exact edition.
title-0f957445e6518a70,ことばな,ことばな,See source_title; a family label does not identify an ISBN or exact edition.
title-0197d4c7f36ec61c,新しい国語,新しい国語,See source_title; a family label does not identify an ISBN or exact edition.
title-3e75afe5592bf38d,テーマ別 中級から学ぶ日本語,テーマ別 中級から学ぶ日本語,See source_title; a family label does not identify an ISBN or exact edition.
title-1fb0c8014c06e4e3,生きた素材で学ぶ新・中級から上級への日本語,生きた素材で学ぶ新・中級から上級への日本語,See source_title; a family label does not identify an ISBN or exact edition.
title-fb88692fe417b916,Intermediate Kanji Book,Intermediate Kanji Book,See source_title; a family label does not identify an ISBN or exact edition.
title-e9a6f6d3470490bf,中級から上級への日本語なりきりリスニング,中級から上級への日本語なりきりリスニング,See source_title; a family label does not identify an ISBN or exact edition.
title-a17ee1cbbbaf5529,留学生のための理論的な文章の書き方,留学生のための理論的な文章の書き方,See source_title; a family label does not identify an ISBN or exact edition.
title-7528cf2fb70ae4b3,にほんご1・2・3,にほんご1・2・3,See source_title; a family label does not identify an ISBN or exact edition.
title-586ee7d9626a9e9f,日本語の教え方スーパーキット,日本語の教え方スーパーキット,See source_title; a family label does not identify an ISBN or exact edition.
title-523061fefe9758f7,新日本語の基礎Ⅰ・Ⅱ,新日本語の基礎Ⅰ・Ⅱ,See source_title; a family label does not identify an ISBN or exact edition.
title-7629437f43342893,新絵教材(新日本語基礎準拠),新絵教材(新日本語基礎準拠),See source_title; a family label does not identify an ISBN or exact edition.
title-71d881f18c8b9e48,おたすけタスク,おたすけタスク,See source_title; a family label does not identify an ISBN or exact edition.
title-32e31e69527bcf34,音・形・場面で身につく！ にほんごワーク,音・形・場面で身につく！ にほんごワーク,See source_title; a family label does not identify an ISBN or exact edition.
title-7f3149ecc1df8a1b,クラス活動集（新日本語の基礎準拠）,クラス活動集（新日本語の基礎準拠）,See source_title; a family label does not identify an ISBN or exact edition.
title-109590f51f1dbb7e,日本語で話そうⅠ～Ⅳ,日本語で話そうⅠ～Ⅳ,See source_title; a family label does not identify an ISBN or exact edition.
title-ea51380b482af00d,きりはり教室,きりはり教室,See source_title; a family label does not identify an ISBN or exact edition.
title-2ac8be4f361f9a76,Japonés Hablado,Japonés Hablado,See source_title; a family label does not identify an ISBN or exact edition.
title-e8e0357cefedc74a,みえこさんのにほんご,みえこさんのにほんご,See source_title; a family label does not identify an ISBN or exact edition.
title-add77ea75a1c1dd0,にほんごだいすき,にほんごだいすき,See source_title; a family label does not identify an ISBN or exact edition.
title-03b2e98c9da09f6f,ひらがな・かたかなカード,ひらがな・かたかなカード,See source_title; a family label does not identify an ISBN or exact edition.
title-98f2480d4f67282e,漢字ドリル,漢字ドリル,See source_title; a family label does not identify an ISBN or exact edition.
title-860b56d82ded60c6,初級日本語げんき,初級日本語げんき,See source_title; a family label does not identify an ISBN or exact edition.
title-a69282b325e65df2,国語教科書（小 1～小 6）,国語教科書（小 1～小 6）,See source_title; a family label does not identify an ISBN or exact edition.
title-e82af339c5680db8,ICU の日本語：初級 Japanese for College Students：Basic vol.1～3,ICU の日本語：初級 Japanese for College Students：Basic vol.1～3,See source_title; a family label does not identify an ISBN or exact edition.
title-75a986921d892073,JAPANESE FOR BUSY PEOPLE,JAPANESE FOR BUSY PEOPLE,See source_title; a family label does not identify an ISBN or exact edition.
title-f6e6b5a3e73939c2,カタカナおけいこ,カタカナおけいこ,See source_title; a family label does not identify an ISBN or exact edition.
title-0b6a59c524f22fcf,初級日本語げんきⅠ & Ⅱ,初級日本語げんきⅠ & Ⅱ,See source_title; a family label does not identify an ISBN or exact edition.
title-60ab4b133f1d7f04,Kanji Look and Learn,Kanji Look and Learn,See source_title; a family label does not identify an ISBN or exact edition.
title-e429a5b96773cf80,NIHONGO KANTAN,NIHONGO KANTAN,See source_title; a family label does not identify an ISBN or exact edition.
title-f6b375c2d5283dd3,Hiragana Kantan,Hiragana Kantan,See source_title; a family label does not identify an ISBN or exact edition.
title-922afee57458cc34,Katakana Kantan,Katakana Kantan,See source_title; a family label does not identify an ISBN or exact edition.
title-6ebd7e06af010dd3,まるごと日本のことばと文化,まるごと日本のことばと文化,See source_title; a family label does not identify an ISBN or exact edition.
title-0b5ca70068b050eb,Genki,Genki,See source_title; a family label does not identify an ISBN or exact edition.
title-75c0ad56fe4e9a0a,Language Fold-Out,Language Fold-Out,See source_title; a family label does not identify an ISBN or exact edition.
title-08675bc522d2d789,Corso di lingua giapponese,Corso di lingua giapponese,See source_title; a family label does not identify an ISBN or exact edition.
title-ae97b931400a2a50,Introduzione alla scrittura giapponese,Introduzione alla scrittura giapponese,See source_title; a family label does not identify an ISBN or exact edition.
title-50912ef9c1bbe9da,Impariamo il giapponese,Impariamo il giapponese,See source_title; a family label does not identify an ISBN or exact edition.
title-4a007d2fa355e016,上級へのとびら－コンテンツとマルチメディアで学ぶ日本語,上級へのとびら－コンテンツとマルチメディアで学ぶ日本語,See source_title; a family label does not identify an ISBN or exact edition.
title-8759c38d0f0394b2,できる日本語中級,できる日本語中級,See source_title; a family label does not identify an ISBN or exact edition.
title-2d20906e6e4446e8,テーマ別上級で学ぶ日本語〈三訂版〉,テーマ別上級で学ぶ日本語〈三訂版〉,See source_title; a family label does not identify an ISBN or exact edition.
title-813e5e43ca3b2ca2,イタリアで学ぶ日本語,イタリアで学ぶ日本語,See source_title; a family label does not identify an ISBN or exact edition.
title-e351f1ea1bf9e369,にほんごかんたん,にほんごかんたん,See source_title; a family label does not identify an ISBN or exact edition.
title-a9697a7e5f6ae681,Nihongo Kantan,Nihongo Kantan,See source_title; a family label does not identify an ISBN or exact edition.
title-83e49ca620eb4266,絵とタスクで学ぶ日本語,絵とタスクで学ぶ日本語,See source_title; a family label does not identify an ISBN or exact edition.
title-52f9da7d59baf457,Hiragana in 48 minutes,Hiragana in 48 minutes,See source_title; a family label does not identify an ISBN or exact edition.
title-6bcddcd629ec73e5,Katakana in 48 minutes,Katakana in 48 minutes,See source_title; a family label does not identify an ISBN or exact edition.
title-12bfabf3788859cd,Japanese-Language and People,Japanese-Language and People,See source_title; a family label does not identify an ISBN or exact edition.
title-46d71778c240c66f,読解20のテーマ,読解20のテーマ,See source_title; a family label does not identify an ISBN or exact edition.
title-310bc6d1192e64ce,どんどん読めるいろいろな話,どんどん読めるいろいろな話,See source_title; a family label does not identify an ISBN or exact edition.
title-f1a7003d14d7a5d4,Japanese Scheme of Work,Japanese Scheme of Work,See source_title; a family label does not identify an ISBN or exact edition.
title-cf5b1ff05e84bd06,Ready Steady NihonGO!,Ready Steady NihonGO!,See source_title; a family label does not identify an ISBN or exact edition.
title-f6009d1d98699880,力 -Chikara-,力 -Chikara-,See source_title; a family label does not identify an ISBN or exact edition.
title-3146d995b8c45faa,千と千尋の神隠し,千と千尋の神隠し,See source_title; a family label does not identify an ISBN or exact edition.
title-88b2f8c3d00cc018,ディア・ドクター,ディア・ドクター,See source_title; a family label does not identify an ISBN or exact edition.
title-72f06dcaa4985ff8,誰も知らない,誰も知らない,See source_title; a family label does not identify an ISBN or exact edition.
title-6d5d4d3b630b62f0,漢字たまご初級,漢字たまご初級,See source_title; a family label does not identify an ISBN or exact edition.
title-ba114cd1fac6dcc1,文化初級日本語改訂版 Ⅰ,文化初級日本語改訂版 Ⅰ,See source_title; a family label does not identify an ISBN or exact edition.
title-d5a50abc046e6a53,文化初級日本語改訂版 Ⅱ,文化初級日本語改訂版 Ⅱ,See source_title; a family label does not identify an ISBN or exact edition.
title-66d24dcdc94a16e9,これで身につく文法力,これで身につく文法力,See source_title; a family label does not identify an ISBN or exact edition.
title-5dec8a4017168dff,Japanisch bitte! Neu A1-A2,Japanisch bitte! Neu A1-A2,See source_title; a family label does not identify an ISBN or exact edition.
title-a077822a15819d14,みんなの日本語初級本冊 I,みんなの日本語初級本冊 I,See source_title; a family label does not identify an ISBN or exact edition.
title-eb5127c7f4cc0bea,中級 4 技能でひろがる日本語カルテット,中級 4 技能でひろがる日本語カルテット,See source_title; a family label does not identify an ISBN or exact edition.
title-4c97fdb8f6ac6748,Marugoto. Japanese language and culture. Starter A1 Katsudoo + Starter A1 Rikai,Marugoto. Japanese language and culture. Starter A1 Katsudoo + Starter A1 Rikai,See source_title; a family label does not identify an ISBN or exact edition.
title-ab93b3f9c5f347f2,Marugoto. Japanese language and culture. Elementary 1 A2 Katsudoo + Elementary 1 A2 Rikai,Marugoto. Japanese language and culture. Elementary 1 A2 Katsudoo + Elementary 1 A2 Rikai,See source_title; a family label does not identify an ISBN or exact edition.
title-e83dca3946a99e42,Marugoto. Japanese language and culture. Elementary 2 A2 Katsudoo + Elementary 2 A2 Rikai,Marugoto. Japanese language and culture. Elementary 2 A2 Katsudoo + Elementary 2 A2 Rikai,See source_title; a family label does not identify an ISBN or exact edition.
title-0e4397ec2383d691,Marugoto. Japanese language and culture. Pre-Intermediate A2/B1,Marugoto. Japanese language and culture. Pre-Intermediate A2/B1,See source_title; a family label does not identify an ISBN or exact edition.
title-a42aae7b15c4013b,Japanisch bitte! Neu,Japanisch bitte! Neu,See source_title; a family label does not identify an ISBN or exact edition.
title-200effd9238ae530,"Minna no nihongo. Shokyu 2, Honsatsu","Minna no nihongo. Shokyu 2, Honsatsu",See source_title; a family label does not identify an ISBN or exact edition.
title-0faac48d9ba99347,Marugoto. Japanese language and culture. Starter A1 + Starter A1 Rikai,Marugoto. Japanese language and culture. Starter A1 + Starter A1 Rikai,See source_title; a family label does not identify an ISBN or exact edition.
title-9ca27cd7fa84d8a4,みんなの日本語初級Ⅰ・Ⅱ、中級Ⅰ・Ⅱ,みんなの日本語初級Ⅰ・Ⅱ、中級Ⅰ・Ⅱ,See source_title; a family label does not identify an ISBN or exact edition.
title-fe00593302dc1a40,初級日本語げんきⅠ・Ⅱ第 3 版,初級日本語げんきⅠ・Ⅱ第 3 版,See source_title; a family label does not identify an ISBN or exact edition.
title-3b58136b59030f33,"BASIC KANJI BOOK- 基本漢字 500 - VOL.1, 2","BASIC KANJI BOOK- 基本漢字 500 - VOL.1, 2",See source_title; a family label does not identify an ISBN or exact edition.
title-d3d9006f6633f294,4 技能でひろがる中級日本語カルテットⅠ・Ⅱ,4 技能でひろがる中級日本語カルテットⅠ・Ⅱ,See source_title; a family label does not identify an ISBN or exact edition.
title-31ac84a998f30933,4 技能でひろがる中級日本語カルテットワークブックⅠ・Ⅱ,4 技能でひろがる中級日本語カルテットワークブックⅠ・Ⅱ,See source_title; a family label does not identify an ISBN or exact edition.
title-5fa6268976404a25,初級日本語とびらⅠ・Ⅱ,初級日本語とびらⅠ・Ⅱ,See source_title; a family label does not identify an ISBN or exact edition.
title-d26b0971134c5758,初級日本語とびらⅠ・ Ⅱワークブック①・②,初級日本語とびらⅠ・ Ⅱワークブック①・②,See source_title; a family label does not identify an ISBN or exact edition.
title-4dbfde6ae3e2ee64,まるごと日本のことばと文化中級１・２,まるごと日本のことばと文化中級１・２,See source_title; a family label does not identify an ISBN or exact edition.
title-2fb8d2dd00d1b480,Kompaktlehrgang Japanisch,Kompaktlehrgang Japanisch,See source_title; a family label does not identify an ISBN or exact edition.
title-c967b511e57da4dd,みんなの日本語Ⅰ，Ⅱ,みんなの日本語Ⅰ，Ⅱ,See source_title; a family label does not identify an ISBN or exact edition.
title-5070c43f7c470f1a,みんなの日本語初級Ⅰ，Ⅱ,みんなの日本語初級Ⅰ，Ⅱ,See source_title; a family label does not identify an ISBN or exact edition.
title-9adbe721519ff51f,中級へ行こう日本語の文型と表現 55,中級へ行こう日本語の文型と表現 55,See source_title; a family label does not identify an ISBN or exact edition.
title-9c516748944a05c0,みんなの日本語中級Ⅰ、Ⅱ,みんなの日本語中級Ⅰ、Ⅱ,See source_title; a family label does not identify an ISBN or exact edition.
title-ceb553c01117ae5a,文部科学省指定小学校・中学校国語教科書,文部科学省指定小学校・中学校国語教科書,See source_title; a family label does not identify an ISBN or exact edition.
title-679d2780cd58bb7b,日本語 1 年生 -この指とまれ-,日本語 1 年生 -この指とまれ-,See source_title; a family label does not identify an ISBN or exact edition.
title-c12e800fdd389fd7,日本語 2 年生 -はないちもんめ-,日本語 2 年生 -はないちもんめ-,See source_title; a family label does not identify an ISBN or exact edition.
title-3d4a4731f2a1ea4c,"Japanisch im Sauseschritt, Universitätsausgabe mit Kana und Kanji","Japanisch im Sauseschritt, Universitätsausgabe mit Kana und Kanji",See source_title; a family label does not identify an ISBN or exact edition.
title-620e95773455ba4b,おひさま,おひさま,See source_title; a family label does not identify an ISBN or exact edition.
title-92294539ab0192a0,JAPANESE FOR YOUNG PEOPLE,JAPANESE FOR YOUNG PEOPLE,See source_title; a family label does not identify an ISBN or exact edition.
title-dd5cd17391d80978,"SITUATIONAL FUNCTIONAL JAPANESE 1, 2, 3","SITUATIONAL FUNCTIONAL JAPANESE 1, 2, 3",See source_title; a family label does not identify an ISBN or exact edition.
title-3ed7b19c7868996a,INTERMEDIATE KANJI BOOK,INTERMEDIATE KANJI BOOK,See source_title; a family label does not identify an ISBN or exact edition.
title-84edb657018fbff8,日本語中級 J301,日本語中級 J301,See source_title; a family label does not identify an ISBN or exact edition.
title-c0780e42ace9fd18,初級日本語げんきⅠ Ⅱ,初級日本語げんきⅠ Ⅱ,See source_title; a family label does not identify an ISBN or exact edition.
title-605a61ca73984ec5,げんき I II,げんき I II,See source_title; a family label does not identify an ISBN or exact edition.
title-0df00ef435066d15,中級日本語カルテット 1 2,中級日本語カルテット 1 2,See source_title; a family label does not identify an ISBN or exact edition.
title-d06cfc48b3e55fe9,カルテット 1 2,カルテット 1 2,See source_title; a family label does not identify an ISBN or exact edition.
title-c750f5c55d04c157,AN INTRODUCTION TO CLASSICAL JAPANESE,AN INTRODUCTION TO CLASSICAL JAPANESE,See source_title; a family label does not identify an ISBN or exact edition.
title-4c8d14ca230209fc,自然な日本語を教えるために認知言語学をふまえて,自然な日本語を教えるために認知言語学をふまえて,See source_title; a family label does not identify an ISBN or exact edition.
title-d749512b94d0d956,初級日本語げんきⅠⅡ,初級日本語げんきⅠⅡ,See source_title; a family label does not identify an ISBN or exact edition.
title-a4359d49e80c0e60,まるごと日本のことばと文化入門 A1 りかい,まるごと日本のことばと文化入門 A1 りかい,See source_title; a family label does not identify an ISBN or exact edition.
title-782c8bb8bca9c9b0,上級へのとびらきたえよう漢字力上級へつなげる基礎漢字 800,上級へのとびらきたえよう漢字力上級へつなげる基礎漢字 800,See source_title; a family label does not identify an ISBN or exact edition.
title-f747cc1f829710bc,上級へのとびらこれで身につく文法力,上級へのとびらこれで身につく文法力,See source_title; a family label does not identify an ISBN or exact edition.
title-4e8ed808b94cee6c,はじめての人の言語学 ‒ことばの世界へ,はじめての人の言語学 ‒ことばの世界へ,See source_title; a family label does not identify an ISBN or exact edition.
title-b8e1439971166cee,「ボクハウナギだ」の文法,「ボクハウナギだ」の文法,See source_title; a family label does not identify an ISBN or exact edition.
title-4fbb72440723ccca,初級日本語げんきⅠ・Ⅱ,初級日本語げんきⅠ・Ⅱ,See source_title; a family label does not identify an ISBN or exact edition.
title-e2b35eb46201ace5,きたえよう漢字力：上級へつなげる基礎漢字 800,きたえよう漢字力：上級へつなげる基礎漢字 800,See source_title; a family label does not identify an ISBN or exact edition.
title-2a06c98320820e3c,はじめての人の言語学,はじめての人の言語学,See source_title; a family label does not identify an ISBN or exact edition.
title-72d77107556c2690,象は鼻が長い,象は鼻が長い,See source_title; a family label does not identify an ISBN or exact edition.
title-28a5ad8b63d09d51,JAPANESE FOR BUSY PEOPLEⅠ Ⅱ Ⅲ,JAPANESE FOR BUSY PEOPLEⅠ Ⅱ Ⅲ,See source_title; a family label does not identify an ISBN or exact edition.
title-68165cad0fe499d5,おひさま［はじめのいっぽ］子どものための日本語,おひさま［はじめのいっぽ］子どものための日本語,See source_title; a family label does not identify an ISBN or exact edition.
title-123c9a90b179505d,まるごと日本のことばと文化入門（A1）,まるごと日本のことばと文化入門（A1）,See source_title; a family label does not identify an ISBN or exact edition.
title-0d73d8e1289a0d37,みんなの日本語初級Ⅰ・Ⅱ,みんなの日本語初級Ⅰ・Ⅱ,See source_title; a family label does not identify an ISBN or exact edition.
title-96521e274dc050df,エリンが挑戦！日本語できます。コンテンツライブラリー,エリンが挑戦！日本語できます。コンテンツライブラリー,See source_title; a family label does not identify an ISBN or exact edition.
title-ec77492eee972e7c,みんなの日本語Ⅰ、Ⅱ,みんなの日本語Ⅰ、Ⅱ,See source_title; a family label does not identify an ISBN or exact edition.
title-7c185f0fb381079b,Nihongo. Gramatica de la lengua japonesa. Japones para hispanohablantes,Nihongo. Gramatica de la lengua japonesa. Japones para hispanohablantes,See source_title; a family label does not identify an ISBN or exact edition.
title-fc55c4ec9a118cff,まるごと日本のことばと文化中級（B1）１・２,まるごと日本のことばと文化中級（B1）１・２,See source_title; a family label does not identify an ISBN or exact edition.
title-3f554c489fd4261b,Japones en vinetas. Curso basico de japones a traves del manga マンガで日本語,Japones en vinetas. Curso basico de japones a traves del manga マンガで日本語,See source_title; a family label does not identify an ISBN or exact edition.
title-83da46cb090aea0b,Manual de Japones Basico スペイン語圏日本語基礎文法,Manual de Japones Basico スペイン語圏日本語基礎文法,See source_title; a family label does not identify an ISBN or exact edition.
title-c94f635e7eddebc1,Manual de lengua japonesa （Segunda Edicion）,Manual de lengua japonesa （Segunda Edicion）,See source_title; a family label does not identify an ISBN or exact edition.
title-76308e6e5769e416,ストーリーで覚える漢字 300,ストーリーで覚える漢字 300,See source_title; a family label does not identify an ISBN or exact edition.
title-6900813827a59b9a,漢字たまご,漢字たまご,See source_title; a family label does not identify an ISBN or exact edition.
title-b8d503f1602bb890,GENKI Plus KANJI LOOK AND LEARN,GENKI Plus KANJI LOOK AND LEARN,See source_title; a family label does not identify an ISBN or exact edition.
title-22df97af17595856,Kanji en vinetas. Curso basico de kanji a traves del manga マンガで日本語,Kanji en vinetas. Curso basico de kanji a traves del manga マンガで日本語,See source_title; a family label does not identify an ISBN or exact edition.
title-dc87cfed706e2e35,A Course in Modern Japanese,A Course in Modern Japanese,See source_title; a family label does not identify an ISBN or exact edition.
title-96bc18800500fd50,Living Japanese,Living Japanese,See source_title; a family label does not identify an ISBN or exact edition.
title-640350553e7674b4,読む力,読む力,See source_title; a family label does not identify an ISBN or exact edition.
title-7e0bd209d766cb73,にほんご1ねんせい―このゆびとまれ―,にほんご1ねんせい―このゆびとまれ―,See source_title; a family label does not identify an ISBN or exact edition.
title-451710e7b18342bf,にほんご2ねんせい―はないちもんめ―,にほんご2ねんせい―はないちもんめ―,See source_title; a family label does not identify an ISBN or exact edition.
title-017d248dd6f74ddf,Japanisch für Schüler,Japanisch für Schüler,See source_title; a family label does not identify an ISBN or exact edition.
title-1ecde45c78a6c446,Japanisch für Junge Leute,Japanisch für Junge Leute,See source_title; a family label does not identify an ISBN or exact edition.
title-742dda46064e9bcd,Japanisch im Sauseschritt,Japanisch im Sauseschritt,See source_title; a family label does not identify an ISBN or exact edition.
title-579a1d22adb42b01,"JAPANISCH, BITTE!","JAPANISCH, BITTE!",See source_title; a family label does not identify an ISBN or exact edition.
title-3f796385d153a615,"Suki, Nihongo","Suki, Nihongo",See source_title; a family label does not identify an ISBN or exact edition.
title-485e20baf5c34a4e,初級日本語げんき 1・2,初級日本語げんき 1・2,See source_title; a family label does not identify an ISBN or exact edition.
title-d209ee1b80907091,Nihongo på norsk,Nihongo på norsk,See source_title; a family label does not identify an ISBN or exact edition.
title-1b9844120d5b8663,日本語文法 I・II,日本語文法 I・II,See source_title; a family label does not identify an ISBN or exact edition.
title-82db4c90e56ed3b7,AN INTEGRATED APPROACH TO INTERMEDIATE JAPANESE,AN INTEGRATED APPROACH TO INTERMEDIATE JAPANESE,See source_title; a family label does not identify an ISBN or exact edition.
title-f079e1113b299e83,Naru hodo 1・2,Naru hodo 1・2,See source_title; a family label does not identify an ISBN or exact edition.
title-fe8c472d662d72af,Manekineko japonais,Manekineko japonais,See source_title; a family label does not identify an ISBN or exact edition.
title-9d50f056b9a1a5ca,Japonais Kanji Kakitai !,Japonais Kanji Kakitai !,See source_title; a family label does not identify an ISBN or exact edition.
title-9b237aaf6a915bee,Grammaire Japonaise,Grammaire Japonaise,See source_title; a family label does not identify an ISBN or exact edition.
title-c7f52e5d256ef035,さんぽ Promenade,さんぽ Promenade,See source_title; a family label does not identify an ISBN or exact edition.
title-82013d819f5f1397,まるごと＋,まるごと＋,See source_title; a family label does not identify an ISBN or exact edition.
title-c0c83792ec88a7f0,JAPANESE FOR BUSY PEOPLE Ⅰ Ⅱ,JAPANESE FOR BUSY PEOPLE Ⅰ Ⅱ,See source_title; a family label does not identify an ISBN or exact edition.
title-2af9d35bbf9f16b9,現代日本語コース,現代日本語コース,See source_title; a family label does not identify an ISBN or exact edition.
title-55728284542a63d1,ヤンさんと日本の人々,ヤンさんと日本の人々,See source_title; a family label does not identify an ISBN or exact edition.
title-c7a2e318dc5c74a6,日本語かな入門,日本語かな入門,See source_title; a family label does not identify an ISBN or exact edition.
title-2337819d07f4720a,J.Bridge for Beginners Vol.1-2,J.Bridge for Beginners Vol.1-2,See source_title; a family label does not identify an ISBN or exact edition.
title-3a277517fbbb3eab,J.Bridge for Intermediate,J.Bridge for Intermediate,See source_title; a family label does not identify an ISBN or exact edition.
title-22da9e2a8c77c804,まるごと日本のことばと文化 A1（入門）,まるごと日本のことばと文化 A1（入門）,See source_title; a family label does not identify an ISBN or exact edition.
title-8bda06497945b142,みんなの日本語初級 1,みんなの日本語初級 1,See source_title; a family label does not identify an ISBN or exact edition.
title-e582aee647ad5e10,ひらがな・カタカナ練習帳かなマスター,ひらがな・カタカナ練習帳かなマスター,See source_title; a family label does not identify an ISBN or exact edition.
title-3d2d783780359b51,こどものにほんごⅠ,こどものにほんごⅠ,See source_title; a family label does not identify an ISBN or exact edition.
title-1d30ddf260e5f2fc,みんなの日本語初級Ⅰ,みんなの日本語初級Ⅰ,See source_title; a family label does not identify an ISBN or exact edition.
title-b1739b06fa922f3b,BASIC KANJI BOOKⅠ,BASIC KANJI BOOKⅠ,See source_title; a family label does not identify an ISBN or exact edition.
title-cc43914d2ddb8c9b,み級んなの日本語初級Ⅰ、Ⅱ,み級んなの日本語初級Ⅰ、Ⅱ,See source_title; a family label does not identify an ISBN or exact edition.
title-68dc7ea8af09d58f,Kanji Look and learn,Kanji Look and learn,See source_title; a family label does not identify an ISBN or exact edition.
title-816376b6e1ec47f1,みんなの日本語初級で読めるトピック 25,みんなの日本語初級で読めるトピック 25,See source_title; a family label does not identify an ISBN or exact edition.
title-0e03442befea12df,みんなの日本語聴解タスク 25,みんなの日本語聴解タスク 25,See source_title; a family label does not identify an ISBN or exact edition.
title-9b6bdfcdc9138f45,日本語中級カルテット１,日本語中級カルテット１,See source_title; a family label does not identify an ISBN or exact edition.
title-1ccbc0a8bbc49402,KANJI IN CONTEXT Workbook vol.1,KANJI IN CONTEXT Workbook vol.1,See source_title; a family label does not identify an ISBN or exact edition.
title-b9719cfbbbb31d9a,ニューアプローチ中上級日本語[完成編],ニューアプローチ中上級日本語[完成編],See source_title; a family label does not identify an ISBN or exact edition.
title-5cc05109a3935223,みんなの日本語初級Ⅰ、Ⅱ,みんなの日本語初級Ⅰ、Ⅱ,See source_title; a family label does not identify an ISBN or exact edition.
title-b6914fdb4ed756d2,BASIC KANJI BOOKⅠ、Ⅱ,BASIC KANJI BOOKⅠ、Ⅱ,See source_title; a family label does not identify an ISBN or exact edition.
title-ca9ef8abbb01fa93,みんなの日本語 Ⅰ、Ⅱ,みんなの日本語 Ⅰ、Ⅱ,See source_title; a family label does not identify an ISBN or exact edition.
title-1d505ec75c90cb58,みんなの日本語初級 1・2,みんなの日本語初級 1・2,See source_title; a family label does not identify an ISBN or exact edition.
title-dedb165f3e0a271f,Basic Kanji,Basic Kanji,See source_title; a family label does not identify an ISBN or exact edition.
title-a39a39fdb6b581be,耳から覚える日本語能力試験,耳から覚える日本語能力試験,See source_title; a family label does not identify an ISBN or exact edition.
title-4b1bc4b40ff1cbad,増補改訂版・総まとめ,増補改訂版・総まとめ,See source_title; a family label does not identify an ISBN or exact edition.
title-0f9a374f28d43de6,日本語の森 JLPT この 1 冊で合格する,日本語の森 JLPT この 1 冊で合格する,See source_title; a family label does not identify an ISBN or exact edition.
title-b487b523d83c3746,大学の日本語初級ともだち,大学の日本語初級ともだち,See source_title; a family label does not identify an ISBN or exact edition.
title-54a7506d01b616f4,BASIC KANJI BOOK VOL1、2,BASIC KANJI BOOK VOL1、2,See source_title; a family label does not identify an ISBN or exact edition.
title-b54e6a04e0460f69,中級における和露・露和通訳,中級における和露・露和通訳,See source_title; a family label does not identify an ISBN or exact edition.
title-22b76044221361d6,文法スピードマスター,文法スピードマスター,See source_title; a family label does not identify an ISBN or exact edition.
title-57b5ba3ee8437e73,わかって使える日本語,わかって使える日本語,See source_title; a family label does not identify an ISBN or exact edition.
title-fbfbe47777db2a99,できる日本語準拠たのしい読みもの 55 初級＆初中級,できる日本語準拠たのしい読みもの 55 初級＆初中級,See source_title; a family label does not identify an ISBN or exact edition.
title-5118c2cd8e675cb4,THE GREAT JAPANESE 30 の物語人物で学ぶ日本語,THE GREAT JAPANESE 30 の物語人物で学ぶ日本語,See source_title; a family label does not identify an ISBN or exact edition.
title-09ca0f3d93135011,文化初級日本語 2,文化初級日本語 2,See source_title; a family label does not identify an ISBN or exact edition.
title-9ecf59448090e608,"We read, write, speak Japanese","We read, write, speak Japanese",See source_title; a family label does not identify an ISBN or exact edition.
title-9c29d96d68306e91,みえこさんの日本語,みえこさんの日本語,See source_title; a family label does not identify an ISBN or exact edition.
title-8439310dd3a4e600,毎日の聞きとり 50 日,毎日の聞きとり 50 日,See source_title; a family label does not identify an ISBN or exact edition.
title-64856e6ecdff43ef,新日本語の中級,新日本語の中級,See source_title; a family label does not identify an ISBN or exact edition.
title-a307338b6a313072,日本語能力試験対応きらり☆日本語,日本語能力試験対応きらり☆日本語,See source_title; a family label does not identify an ISBN or exact edition.
title-9eaa74c07c7f3c7c,にほんごチャレンジ N4・N5 [かんじ],にほんごチャレンジ N4・N5 [かんじ],See source_title; a family label does not identify an ISBN or exact edition.
title-90b8872c22d1362d,新・にほんご敬語トレーニング - 初級が終わったら始めよう,新・にほんご敬語トレーニング - 初級が終わったら始めよう,See source_title; a family label does not identify an ISBN or exact edition.
title-ebd3df3a85ff65c4,日本語を楽しく読む本・初中級,日本語を楽しく読む本・初中級,See source_title; a family label does not identify an ISBN or exact edition.
title-3a7b3d682635d585,初級からの日本語スピーチ,初級からの日本語スピーチ,See source_title; a family label does not identify an ISBN or exact edition.
title-44563e15faadf7dd,J.bridge for Beginners Vol.2,J.bridge for Beginners Vol.2,See source_title; a family label does not identify an ISBN or exact edition.
title-a95ebb84f0e14eea,初級文型でできるにほんご発音アクティビティ,初級文型でできるにほんご発音アクティビティ,See source_title; a family label does not identify an ISBN or exact edition.
title-e9ae0f939e5c4021,ペアで覚えるいろいろなことば,ペアで覚えるいろいろなことば,See source_title; a family label does not identify an ISBN or exact edition.
title-4ebe33e6e9742fc5,文法が弱いあなたへ,文法が弱いあなたへ,See source_title; a family label does not identify an ISBN or exact edition.
title-46942ab4a111232c,みんなの日本語初級Ⅰ Ⅱ翻訳文法解説ウクライナ語版,みんなの日本語初級Ⅰ Ⅱ翻訳文法解説ウクライナ語版,See source_title; a family label does not identify an ISBN or exact edition.
title-dfa0597345b65754,みんなの日本語Ⅰ 文法解説ウズベク語版,みんなの日本語Ⅰ 文法解説ウズベク語版,See source_title; a family label does not identify an ISBN or exact edition.
title-ee15c99a49bf90fe,みんなの日本語Ⅱ 文法解説ウズベク語版,みんなの日本語Ⅱ 文法解説ウズベク語版,See source_title; a family label does not identify an ISBN or exact edition.
title-ce1a2f1a70f7c98e,ひらがな帳,ひらがな帳,See source_title; a family label does not identify an ISBN or exact edition.
title-52492dab40399cbe,カタカナ帳,カタカナ帳,See source_title; a family label does not identify an ISBN or exact edition.
title-689f2e691af875a8,みんなの日本語初級Ⅰ 第 2 版文法解説書,みんなの日本語初級Ⅰ 第 2 版文法解説書,See source_title; a family label does not identify an ISBN or exact edition.
title-089930480a900f6d,いろどり生活の日本語,いろどり生活の日本語,See source_title; a family label does not identify an ISBN or exact edition.
title-55f1cdc23e9e1ce3,にほんごかんたん（1）（2）,にほんごかんたん（1）（2）,See source_title; a family label does not identify an ISBN or exact edition.
title-5a6e1aaa86e0ca95,GenkiⅠ,GenkiⅠ,See source_title; a family label does not identify an ISBN or exact edition.
title-f7c76b3c9f0948a9,みんなの日本語初級Ⅰ 漢字練習帳,みんなの日本語初級Ⅰ 漢字練習帳,See source_title; a family label does not identify an ISBN or exact edition.
title-6e11454af033bbef,中級の日本語,中級の日本語,See source_title; a family label does not identify an ISBN or exact edition.
title-e0a47e5b85b2f52f,TRY! 日本語能力試験 N3 文法から伸ばす日本語,TRY! 日本語能力試験 N3 文法から伸ばす日本語,See source_title; a family label does not identify an ISBN or exact edition.
title-f91589e1e3a2871d,TRY! 日本語能力試験 N4 文法から伸ばす日本語,TRY! 日本語能力試験 N4 文法から伸ばす日本語,See source_title; a family label does not identify an ISBN or exact edition.
title-0bdf3bcb7be42c61,"Genki Ⅰ,Ⅱ","Genki Ⅰ,Ⅱ",See source_title; a family label does not identify an ISBN or exact edition.
title-de99289b54fe6759,みんなの日本語中級,みんなの日本語中級,See source_title; a family label does not identify an ISBN or exact edition.
title-5c2b104c3c251604,BASIC KANJI BOOK VOL. 1、VOL2,BASIC KANJI BOOK VOL. 1、VOL2,See source_title; a family label does not identify an ISBN or exact edition.
title-06cef2bb4762807f,INTERMEDIATE KANJI BOOK VOL. 1、VOL2,INTERMEDIATE KANJI BOOK VOL. 1、VOL2,See source_title; a family label does not identify an ISBN or exact edition.
title-a9a00968b2ee7419,文化中級日本語Ⅰ,文化中級日本語Ⅰ,See source_title; a family label does not identify an ISBN or exact edition.
title-21ddf85300a14c5a,INTERMEDIATE KANJI BOOK Vol.1、2,INTERMEDIATE KANJI BOOK Vol.1、2,See source_title; a family label does not identify an ISBN or exact edition.
title-e368050bcf7d6dba,まるごと入門 A1,まるごと入門 A1,See source_title; a family label does not identify an ISBN or exact edition.
title-cb60e23cdfe3b9f8,まるごと初級 1 A2,まるごと初級 1 A2,See source_title; a family label does not identify an ISBN or exact edition.
title-d7156b3e641e507d,まるごと初級 2 A2,まるごと初級 2 A2,See source_title; a family label does not identify an ISBN or exact edition.
title-d5aa047ffb17718c,まるごと初中級 A2-B1,まるごと初中級 A2-B1,See source_title; a family label does not identify an ISBN or exact edition.
title-787d7f95141197b5,まるごと中級 1,まるごと中級 1,See source_title; a family label does not identify an ISBN or exact edition.
title-6a060cfc4084485c,まるごと中級 2,まるごと中級 2,See source_title; a family label does not identify an ISBN or exact edition.
title-3aeee73580f128f6,初級日本語げんきⅠ,初級日本語げんきⅠ,See source_title; a family label does not identify an ISBN or exact edition.
title-41e0b6ccf6e2a42f,げんきワークブックⅠ,げんきワークブックⅠ,See source_title; a family label does not identify an ISBN or exact edition.
title-ddc99805f83e74e2,にほんごこれだけ！１,にほんごこれだけ！１,See source_title; a family label does not identify an ISBN or exact edition.
title-55ca73338d80bf5c,Japanese for Young People I: Kana Workbook,Japanese for Young People I: Kana Workbook,See source_title; a family label does not identify an ISBN or exact edition.
title-14771f2b66885528,すいすい,すいすい,See source_title; a family label does not identify an ISBN or exact edition.
title-836da6cf3a3d9130,子どもの日本語,子どもの日本語,See source_title; a family label does not identify an ISBN or exact edition.
title-ea78f138b029c339,みんなの日本語初級,みんなの日本語初級,See source_title; a family label does not identify an ISBN or exact edition.
title-fab4d9598295ae61,日本語 20 時間ロシア語版,日本語 20 時間ロシア語版,See source_title; a family label does not identify an ISBN or exact edition.
title-90c94bc79f917649,みんなの日本語１,みんなの日本語１,See source_title; a family label does not identify an ISBN or exact edition.
title-26b3ebb21d26699d,みんなの日本語２,みんなの日本語２,See source_title; a family label does not identify an ISBN or exact edition.
title-6874f8483613f0e5,BASIC KANJI BOOK Vol. 1,BASIC KANJI BOOK Vol. 1,See source_title; a family label does not identify an ISBN or exact edition.
title-d6797a484ce6543a,BASIC KANJI BOOK Vol. １,BASIC KANJI BOOK Vol. １,See source_title; a family label does not identify an ISBN or exact edition.
title-ac7aea1b72c0fba3,BASIC KANJI BOOK Vol. ２,BASIC KANJI BOOK Vol. ２,See source_title; a family label does not identify an ISBN or exact edition.
title-85402432b72ac8d3,Intermediate Kanji Book Vol. １,Intermediate Kanji Book Vol. １,See source_title; a family label does not identify an ISBN or exact edition.
title-627f407f1b610ac7,ニューアプローチ中上級日本語,ニューアプローチ中上級日本語,See source_title; a family label does not identify an ISBN or exact edition.
title-f61805666d728fc6,どんなときどう使う,どんなときどう使う,See source_title; a family label does not identify an ISBN or exact edition.
title-19cc48bb01472735,Speech for Basic Level Japanese,Speech for Basic Level Japanese,See source_title; a family label does not identify an ISBN or exact edition.
title-68fbeecc25f41024,日本語 N5 文法・読解まるごとマスター,日本語 N5 文法・読解まるごとマスター,See source_title; a family label does not identify an ISBN or exact edition.
title-decd4daae8b636c3,日本語 N4 文法・読解まるごとマスター,日本語 N4 文法・読解まるごとマスター,See source_title; a family label does not identify an ISBN or exact edition.
title-3d56293780f7365f,今日からはじめる感じがいい日本語初級レベルコミュニケーションを楽しもう！,今日からはじめる感じがいい日本語初級レベルコミュニケーションを楽しもう！,See source_title; a family label does not identify an ISBN or exact edition.
title-d545410b90d90bdd,日本語 N3 文法・読解まるごとマスター,日本語 N3 文法・読解まるごとマスター,See source_title; a family label does not identify an ISBN or exact edition.
title-13298597addc2aaa,会話の授業を楽しくするコミュニケーションのためのクラス活動 40―初級後半から上級の日本語クラス対象,会話の授業を楽しくするコミュニケーションのためのクラス活動 40―初級後半から上級の日本語クラス対象,See source_title; a family label does not identify an ISBN or exact edition.
title-d2fa520707fa5ba3,Intermediate Kanji Book Vol. ２,Intermediate Kanji Book Vol. ２,See source_title; a family label does not identify an ISBN or exact edition.
title-0d4ba6172577d2a1,日常生活に見る日本の文化,日常生活に見る日本の文化,See source_title; a family label does not identify an ISBN or exact edition.
title-302a2ad67aaee1f6,BASIC KANJI BOOK Vol. 2,BASIC KANJI BOOK Vol. 2,See source_title; a family label does not identify an ISBN or exact edition.
title-e16f6162d616037d,日本を知る: その暮らし 365 日,日本を知る: その暮らし 365 日,See source_title; a family label does not identify an ISBN or exact edition.
title-b010cf8f0da41678,ビジネス日本語 Ⅰ、Ⅱ,ビジネス日本語 Ⅰ、Ⅱ,See source_title; a family label does not identify an ISBN or exact edition.
title-182cdd94fab9fabb,Intermediate Kanji Book Vol. 1,Intermediate Kanji Book Vol. 1,See source_title; a family label does not identify an ISBN or exact edition.
title-5fa043c271b98b48,みんなの日本語中級１,みんなの日本語中級１,See source_title; a family label does not identify an ISBN or exact edition.
title-e73c1bbd0ceba2ac,みんなの日本語 1,みんなの日本語 1,See source_title; a family label does not identify an ISBN or exact edition.
title-0c2f9059de86d9d0,みんなの日本語 2,みんなの日本語 2,See source_title; a family label does not identify an ISBN or exact edition.
title-96d37e6e4635bcaa,ヤングのための日本語,ヤングのための日本語,See source_title; a family label does not identify an ISBN or exact edition.
title-e6e5b5c2000e244f,新完全マスターN4 文法・語彙・単語・漢字・読解・聴解,新完全マスターN4 文法・語彙・単語・漢字・読解・聴解,See source_title; a family label does not identify an ISBN or exact edition.
title-30f7f12fc4a3d39b,GENKI,GENKI,See source_title; a family label does not identify an ISBN or exact edition.
title-cec59c36e8be23e0,みんなの日本語中級 1,みんなの日本語中級 1,See source_title; a family label does not identify an ISBN or exact edition.
title-30a17a54e31406e8,タスクベースで学ぶ日本語中級 3,タスクベースで学ぶ日本語中級 3,See source_title; a family label does not identify an ISBN or exact edition.
title-42396fe1f88c71e7,Japonščina za začetnike Ⅰ - Ⅱ,Japonščina za začetnike Ⅰ - Ⅱ,See source_title; a family label does not identify an ISBN or exact edition.
title-34c7b0a32a9ae531,Sodobna japonska slovnica za začetno stopnjo Ⅰ･Ⅱ,Sodobna japonska slovnica za začetno stopnjo Ⅰ･Ⅱ,See source_title; a family label does not identify an ISBN or exact edition.
title-492914f0a46ee04a,"Uvod v japonsko pisavo : hiragana, katakana in prvih 854 pismenk","Uvod v japonsko pisavo : hiragana, katakana in prvih 854 pismenk",See source_title; a family label does not identify an ISBN or exact edition.
title-3dd44979b417aa8d,初級日本語新装改訂版上・下,初級日本語新装改訂版上・下,See source_title; a family label does not identify an ISBN or exact edition.
title-5937fb6553e0e49c,中級日本語新装改訂版上・下,中級日本語新装改訂版上・下,See source_title; a family label does not identify an ISBN or exact edition.
title-8ec10a7c779e9780,短期集中初級日本語文法総まとめポイント２０,短期集中初級日本語文法総まとめポイント２０,See source_title; a family label does not identify an ISBN or exact edition.
title-4aeaf388993fc2d0,Korak po Korak（日本語いっぽいっぽ）,Korak po Korak（日本語いっぽいっぽ）,See source_title; a family label does not identify an ISBN or exact edition.
title-667d01af1e881aae,まるごと入門、初級,まるごと入門、初級,See source_title; a family label does not identify an ISBN or exact edition.
title-1727d31afca7a64e,ひらけ日本語,ひらけ日本語,See source_title; a family label does not identify an ISBN or exact edition.
title-26c8182270b58021,ジェイ・ブリッジ,ジェイ・ブリッジ,See source_title; a family label does not identify an ISBN or exact edition.
title-6848f307b6f270ac,初級日本語 Japonstina,初級日本語 Japonstina,See source_title; a family label does not identify an ISBN or exact edition.
title-48ec250c0b82f801,絵でおぼえるひらがな,絵でおぼえるひらがな,See source_title; a family label does not identify an ISBN or exact edition.
title-29829739c72a9892,絵でおぼえるカタカナ,絵でおぼえるカタカナ,See source_title; a family label does not identify an ISBN or exact edition.
title-e7c6398a62554e3a,絵でおぼえる漢字,絵でおぼえる漢字,See source_title; a family label does not identify an ISBN or exact edition.
title-3f583902d0c8454e,Situational Functional Japanese,Situational Functional Japanese,See source_title; a family label does not identify an ISBN or exact edition.
title-f7ab7013e9a233ef,会話の授業を楽しくするコミュニケーションのためのクラス活動 40,会話の授業を楽しくするコミュニケーションのためのクラス活動 40,See source_title; a family label does not identify an ISBN or exact edition.
title-1d003823258d3dd6,にほんご１,にほんご１,See source_title; a family label does not identify an ISBN or exact edition.
title-fe51fb5fb997365d,にほんご 2,にほんご 2,See source_title; a family label does not identify an ISBN or exact edition.
title-2561ad4014aa797f,にほんご３,にほんご３,See source_title; a family label does not identify an ISBN or exact edition.
title-357fe90123f99aed,にほんご４,にほんご４,See source_title; a family label does not identify an ISBN or exact edition.
title-5b409bdcd8d098c7,みんなの日本語初級Ⅱ,みんなの日本語初級Ⅱ,See source_title; a family label does not identify an ISBN or exact edition.
title-463b544792f0ba8e,まるごと日本のことばと文化入門～初中級,まるごと日本のことばと文化入門～初中級,See source_title; a family label does not identify an ISBN or exact edition.
title-531fe4d47cc8a763,DARUMA,DARUMA,See source_title; a family label does not identify an ISBN or exact edition.
title-30c877d65fa4649c,できる 1,できる 1,See source_title; a family label does not identify an ISBN or exact edition.
title-d291dd42ed027658,できる 2,できる 2,See source_title; a family label does not identify an ISBN or exact edition.
title-63ff69aa82bc2713,Japanese For Young People,Japanese For Young People,See source_title; a family label does not identify an ISBN or exact edition.
title-9cacd22b429aa7e9,中級を学ぼう中級前期,中級を学ぼう中級前期,See source_title; a family label does not identify an ISBN or exact edition.
title-9e94ff244827ae21,日本語中級 J501,日本語中級 J501,See source_title; a family label does not identify an ISBN or exact edition.
title-d1eb70fafe0979a5,生きた素材で学ぶ中級から上級への日本語,生きた素材で学ぶ中級から上級への日本語,See source_title; a family label does not identify an ISBN or exact edition.
title-b999687baaae15d4,An integrated approach to Intermediate Japanese,An integrated approach to Intermediate Japanese,See source_title; a family label does not identify an ISBN or exact edition.
title-8e2d2da2fab7de6f,毎日の聞きとり,毎日の聞きとり,See source_title; a family label does not identify an ISBN or exact edition.
title-6c637bdc9e37adff,みんなの日本語中級Ⅰ,みんなの日本語中級Ⅰ,See source_title; a family label does not identify an ISBN or exact edition.
title-471f5373ebcb182a,AN INTEGRATED COURSE IN ELEMENTARY JAPANESE 初級日本語げんきⅠ・Ⅱ,AN INTEGRATED COURSE IN ELEMENTARY JAPANESE 初級日本語げんきⅠ・Ⅱ,See source_title; a family label does not identify an ISBN or exact edition.
title-06134adea9c8008a,中級を学ぼう日本語の文型と表現 56,中級を学ぼう日本語の文型と表現 56,See source_title; a family label does not identify an ISBN or exact edition.
title-1c2db618de789389,中級を学ぼう日本語の文型と表現 82,中級を学ぼう日本語の文型と表現 82,See source_title; a family label does not identify an ISBN or exact edition.
title-5993685f023cd808,中級へ行こう日本語の文型と表現 59,中級へ行こう日本語の文型と表現 59,See source_title; a family label does not identify an ISBN or exact edition.
title-330a629cf5ba1b93,国境を越えて本文編―留学生・日本人学生のための一般教養書,国境を越えて本文編―留学生・日本人学生のための一般教養書,See source_title; a family label does not identify an ISBN or exact edition.
title-d2ac061ca539d7aa,留学生のための漢字の教科書,留学生のための漢字の教科書,See source_title; a family label does not identify an ISBN or exact edition.
title-e86884472acd66db,BASIC KANJI BOOK ～基本漢字 500～,BASIC KANJI BOOK ～基本漢字 500～,See source_title; a family label does not identify an ISBN or exact edition.
title-7bc121f2469b0f8f,初級どきどき,初級どきどき,See source_title; a family label does not identify an ISBN or exact edition.
title-11c65f973167a103,ガンバレ！にほんご,ガンバレ！にほんご,See source_title; a family label does not identify an ISBN or exact edition.
title-1a31970532308062,上級日本語,上級日本語,See source_title; a family label does not identify an ISBN or exact edition.
title-6a24b5e46b80fec2,Język japoński dla początkujących,Język japoński dla początkujących,See source_title; a family label does not identify an ISBN or exact edition.
title-f84cdaff6a2b8d1e,J.BRIDGE to Intermediate Japanese,J.BRIDGE to Intermediate Japanese,See source_title; a family label does not identify an ISBN or exact edition.
title-e7e2ac2948925be6,げんき第二版,げんき第二版,See source_title; a family label does not identify an ISBN or exact edition.
title-58581917a547a372,日本語能力試験日本語総まとめシリーズ問題集,日本語能力試験日本語総まとめシリーズ問題集,See source_title; a family label does not identify an ISBN or exact edition.
title-005f30c883c29917,合格できる日本語能力試験シリーズ,合格できる日本語能力試験シリーズ,See source_title; a family label does not identify an ISBN or exact edition.
title-0dc4793ec9794378,4 技能で広がる中級日本語カルテット 1,4 技能で広がる中級日本語カルテット 1,See source_title; a family label does not identify an ISBN or exact edition.
title-abb7d7461cac12c8,きたえよう漢字力,きたえよう漢字力,See source_title; a family label does not identify an ISBN or exact edition.
title-12317c2ba23369ab,漢リ字典,漢リ字典,See source_title; a family label does not identify an ISBN or exact edition.
title-edaed9ddfd58a7b4,新文化初級日本語Ⅰ,新文化初級日本語Ⅰ,See source_title; a family label does not identify an ISBN or exact edition.
title-49326a47e508dbd9,風のつばさ,風のつばさ,See source_title; a family label does not identify an ISBN or exact edition.
title-b31aceac37db3424,にほんごのきそ,にほんごのきそ,See source_title; a family label does not identify an ISBN or exact edition.
title-68fdbdbbdfbf4051,BASIC KANJI BOOK 1,BASIC KANJI BOOK 1,See source_title; a family label does not identify an ISBN or exact edition.
title-77d8d65ef52b7d3d,みんなの日本語初級 Ⅰ、Ⅱ 第２版,みんなの日本語初級 Ⅰ、Ⅱ 第２版,See source_title; a family label does not identify an ISBN or exact edition.
title-3a856020e3364723,みんなの日本語中級 Ⅰ、Ⅱ,みんなの日本語中級 Ⅰ、Ⅱ,See source_title; a family label does not identify an ISBN or exact edition.
title-e648cc63551fe46d,BASIC KANJI BOOK 1 2,BASIC KANJI BOOK 1 2,See source_title; a family label does not identify an ISBN or exact edition.
title-ec3cd42ce0f0f65b,INTERMEDIATE KANJI BOOK 1 2,INTERMEDIATE KANJI BOOK 1 2,See source_title; a family label does not identify an ISBN or exact edition.
title-a1278505f3ec7a9d,どんな時どう使う日本語表現文型 500,どんな時どう使う日本語表現文型 500,See source_title; a family label does not identify an ISBN or exact edition.
title-e367433e9c8e5ca5,どんな時どう使う日本語表現文型辞典,どんな時どう使う日本語表現文型辞典,See source_title; a family label does not identify an ISBN or exact edition.
title-00032176f7486e2d,初級日本語げんき Ⅰ、Ⅱ 第３版,初級日本語げんき Ⅰ、Ⅱ 第３版,See source_title; a family label does not identify an ISBN or exact edition.
title-b9eac2ec98c10582,４技能でひろがる中級日本語カルテット,４技能でひろがる中級日本語カルテット,See source_title; a family label does not identify an ISBN or exact edition.
title-ca6eead389b24c90,にほんご漢字トレーニング,にほんご漢字トレーニング,See source_title; a family label does not identify an ISBN or exact edition.
title-bee1c8357a270dfc,日本語語彙力アップトレーニング,日本語語彙力アップトレーニング,See source_title; a family label does not identify an ISBN or exact edition.
title-5d027ca46ff80d72,中級日本語文法要点整理ポイント 20,中級日本語文法要点整理ポイント 20,See source_title; a family label does not identify an ISBN or exact edition.
title-9b9abf7ac82ca516,短期集中初級日本語文法総まとめ 20 ポイント,短期集中初級日本語文法総まとめ 20 ポイント,See source_title; a family label does not identify an ISBN or exact edition.
title-8fe15e3eeb644e1f,日本語総まとめ N2 文法・漢字・語彙・読解・聴解,日本語総まとめ N2 文法・漢字・語彙・読解・聴解,See source_title; a family label does not identify an ISBN or exact edition.
title-8d04e8d290195d2d,日本語総まとめ N3 聴解,日本語総まとめ N3 聴解,See source_title; a family label does not identify an ISBN or exact edition.
title-a718192b591aed1b,レベルアップ日本語文法,レベルアップ日本語文法,See source_title; a family label does not identify an ISBN or exact edition.
title-f8b88c204e2869ff,日本をたどりなおす 29 の方法国際日本研究入門,日本をたどりなおす 29 の方法国際日本研究入門,See source_title; a family label does not identify an ISBN or exact edition.
title-7ff1aa4fce763022,日本語基礎文法辞典 A Dictionary of Basic Japanese Grammar,日本語基礎文法辞典 A Dictionary of Basic Japanese Grammar,See source_title; a family label does not identify an ISBN or exact edition.
title-50065c48a2e8f9af,日本語文法辞典【中級編】 A Dictionary of Intermediate Japanese Grammar,日本語文法辞典【中級編】 A Dictionary of Intermediate Japanese Grammar,See source_title; a family label does not identify an ISBN or exact edition.
title-6410453f4745b76f,日本語文法辞典【上級編】 A Dictionary of Advanced Japanese Grammar,日本語文法辞典【上級編】 A Dictionary of Advanced Japanese Grammar,See source_title; a family label does not identify an ISBN or exact edition.
title-e1c2b66539d1f470,日本語文型辞典英語版 A Handbook of Japanese Grammar Patterns for Teachers and Learners,日本語文型辞典英語版 A Handbook of Japanese Grammar Patterns for Teachers and Learners,See source_title; a family label does not identify an ISBN or exact edition.
title-8c393f2e12bc92b9,古典文法 FORMULA 30,古典文法 FORMULA 30,See source_title; a family label does not identify an ISBN or exact edition.
title-c51608485d3722a6,楽しく聞こう,楽しく聞こう,See source_title; a family label does not identify an ISBN or exact edition.
title-b824c654732c445f,J.Bridge to Intermediate Japanese,J.Bridge to Intermediate Japanese,See source_title; a family label does not identify an ISBN or exact edition.
title-f409d55f89f7b719,Classical Japanese: A Grammar,Classical Japanese: A Grammar,See source_title; a family label does not identify an ISBN or exact edition.
title-f55a4f12f4921452,Classical Japanese Reader and Essential Dictionary,Classical Japanese Reader and Essential Dictionary,See source_title; a family label does not identify an ISBN or exact edition.
title-80408114a81fa09e,Nihongo o benkyō shiyō! Manual de limba japoneză pentru anul I,Nihongo o benkyō shiyō! Manual de limba japoneză pentru anul I,See source_title; a family label does not identify an ISBN or exact edition.
title-25b157a325c0e441,意味と機能からわかる日本語文型解説 Ⅰ,意味と機能からわかる日本語文型解説 Ⅰ,See source_title; a family label does not identify an ISBN or exact edition.
title-46b97d6192f61700,意味と機能からわかる日本語文型解説 Ⅱ,意味と機能からわかる日本語文型解説 Ⅱ,See source_title; a family label does not identify an ISBN or exact edition.
title-61b23dc01e22f3fc,初中級場面別語彙集かけはし,初中級場面別語彙集かけはし,See source_title; a family label does not identify an ISBN or exact edition.
title-fe75a6a536fc3a76,中級場面別語彙集きざはし,中級場面別語彙集きざはし,See source_title; a family label does not identify an ISBN or exact edition.
title-2fd6a8361d3a805c,日本語上級文型解説,日本語上級文型解説,See source_title; a family label does not identify an ISBN or exact edition.
title-71ba065e89697db2,日本語入門,日本語入門,See source_title; a family label does not identify an ISBN or exact edition.
title-f556f0aa325117ea,常用漢字,常用漢字,See source_title; a family label does not identify an ISBN or exact edition.
title-52d32ce7e5000e03,子どものための日本語,子どものための日本語,See source_title; a family label does not identify an ISBN or exact edition.
title-fb4279820f3f3e90,初心者のための日本語,初心者のための日本語,See source_title; a family label does not identify an ISBN or exact edition.
title-bbf4cb256d64b0f5,書く、読む、話す,書く、読む、話す,See source_title; a family label does not identify an ISBN or exact edition.
title-3773b02c39d92b1a,日本語入門はじめのいっぽ,日本語入門はじめのいっぽ,See source_title; a family label does not identify an ISBN or exact edition.
title-596e0f419e9642af,5 年生のための日本語,5 年生のための日本語,See source_title; a family label does not identify an ISBN or exact edition.
title-a60f193d9f0e9744,日本語の書き方。ひらがな。初心者のためのチュートリアル,日本語の書き方。ひらがな。初心者のためのチュートリアル,See source_title; a family label does not identify an ISBN or exact edition.
title-473e33657047d669,日本語の書き方。カタカナ。初心者のためのチュートリアル,日本語の書き方。カタカナ。初心者のためのチュートリアル,See source_title; a family label does not identify an ISBN or exact edition.
title-2aa6ade46ccf6abf,日本語教科書,日本語教科書,See source_title; a family label does not identify an ISBN or exact edition.
title-4a7dada22d5f9bb2,初心者の為の日本語,初心者の為の日本語,See source_title; a family label does not identify an ISBN or exact edition.
title-a6fbfa69332eb805,日本語漢字入門,日本語漢字入門,See source_title; a family label does not identify an ISBN or exact edition.
title-b4330ebba923dddb,日本語第一歩,日本語第一歩,See source_title; a family label does not identify an ISBN or exact edition.
title-c7176a9a423f8702,JAPANESE FOR BIGINNERS,JAPANESE FOR BIGINNERS,See source_title; a family label does not identify an ISBN or exact edition.
title-ab427e825ba40ad5,よく使われる新聞の漢字と熟語,よく使われる新聞の漢字と熟語,See source_title; a family label does not identify an ISBN or exact edition.
title-92252b36faa5d76f,ペアで覚えるいろいろな言葉,ペアで覚えるいろいろな言葉,See source_title; a family label does not identify an ISBN or exact edition.
title-f95854cc87a9bd2e,日露漢字辞典,日露漢字辞典,See source_title; a family label does not identify an ISBN or exact edition.
title-c9c882db497da8ad,日本語通訳,日本語通訳,See source_title; a family label does not identify an ISBN or exact edition.
title-d9c4c5877d076896,Gairaigo - Yaponskaya transkriptsia inostrannikh slov “Gairaigo - Japanese Transcription foreign words”,Gairaigo - Yaponskaya transkriptsia inostrannikh slov “Gairaigo - Japanese Transcription foreign words”,See source_title; a family label does not identify an ISBN or exact edition.
title-32476236c9151e9f,日本語 Graphic Stylistics “Graphicheskaya stilistika yaponskavo yazika” （ Japanese Graphic Stylistics）,日本語 Graphic Stylistics “Graphicheskaya stilistika yaponskavo yazika” （ Japanese Graphic Stylistics）,See source_title; a family label does not identify an ISBN or exact edition.
title-67d98279d27cdc3e,BASIC KANJI BOOK Vol.1、2,BASIC KANJI BOOK Vol.1、2,See source_title; a family label does not identify an ISBN or exact edition.
title-ff95ca7ad9c20899,"INTERMEDIATE KANJI BOOK Vol.1,2","INTERMEDIATE KANJI BOOK Vol.1,2",See source_title; a family label does not identify an ISBN or exact edition.
title-b99d7c2bf7fc02b0,テーマ別中級から学ぶ日本語ワークブック,テーマ別中級から学ぶ日本語ワークブック,See source_title; a family label does not identify an ISBN or exact edition.
title-810b8246de44bb21,毎日の聞き取り 50 日上下,毎日の聞き取り 50 日上下,See source_title; a family label does not identify an ISBN or exact edition.
title-5734fe7a391da4aa,大学二年生用の日本語教科書第二版,大学二年生用の日本語教科書第二版,See source_title; a family label does not identify an ISBN or exact edition.
title-35bd19838d007510,上級生のための日本語,上級生のための日本語,See source_title; a family label does not identify an ISBN or exact edition.
title-ba99191287aa822d,現代世界における日本：社会政治翻訳の教科書,現代世界における日本：社会政治翻訳の教科書,See source_title; a family label does not identify an ISBN or exact edition.
title-8aa09f4ed7be068d,まるごと入門 A1 かつどう,まるごと入門 A1 かつどう,See source_title; a family label does not identify an ISBN or exact edition.
title-9e859760b77e445a,まるごと入門 A1 りかい,まるごと入門 A1 りかい,See source_title; a family label does not identify an ISBN or exact edition.
title-2da50541fa134761,いろどり生活の日本語入門（A1）,いろどり生活の日本語入門（A1）,See source_title; a family label does not identify an ISBN or exact edition.
title-408deb2e433c5a21,にほんご 45 じかん,にほんご 45 じかん,See source_title; a family label does not identify an ISBN or exact edition.
title-22269cc9217c2123,にほんごつぎの 45 じかん,にほんごつぎの 45 じかん,See source_title; a family label does not identify an ISBN or exact edition.
title-9741a386000d6e85,かなをまなぼう,かなをまなぼう,See source_title; a family label does not identify an ISBN or exact edition.
title-d04a2225e0a4e7ae,アラブ人のための日本語,アラブ人のための日本語,See source_title; a family label does not identify an ISBN or exact edition.
title-c56347c8aa946173,中級への架け橋,中級への架け橋,See source_title; a family label does not identify an ISBN or exact edition.
title-e14c720618774543,BASIC KANJI BOOK Vol.ⅠⅡ,BASIC KANJI BOOK Vol.ⅠⅡ,See source_title; a family label does not identify an ISBN or exact edition.
title-8708d18208d73e6f,日本語文化読解,日本語文化読解,See source_title; a family label does not identify an ISBN or exact edition.
title-2c7917e40cedbcbe,ニューアプローチ中級日本語基礎編改訂版・完成編,ニューアプローチ中級日本語基礎編改訂版・完成編,See source_title; a family label does not identify an ISBN or exact edition.
title-029155c383397b31,トピックによる日本語総合演習中級前期・中級後期・上級,トピックによる日本語総合演習中級前期・中級後期・上級,See source_title; a family label does not identify an ISBN or exact edition.
title-e4e45f4313817214,タスクベースで学ぶ日本語,タスクベースで学ぶ日本語,See source_title; a family label does not identify an ISBN or exact edition.
title-1ca2913cd9ef45f8,日本語敬語トレーニング,日本語敬語トレーニング,See source_title; a family label does not identify an ISBN or exact edition.
title-9b88c70fd05d7885,Try! Start,Try! Start,See source_title; a family label does not identify an ISBN or exact edition.
title-0d5e7e73a3e7587f,まるごと A2/B1,まるごと A2/B1,See source_title; a family label does not identify an ISBN or exact edition.
title-817979b814c356ac,"みんなの日本語初級Ⅰ,Ⅱ","みんなの日本語初級Ⅰ,Ⅱ",See source_title; a family label does not identify an ISBN or exact edition.
title-099a24ef92a293ea,わくわくにほんご１,わくわくにほんご１,See source_title; a family label does not identify an ISBN or exact edition.
title-3db1f1ca9f29c0c5,わくわくにほんご２,わくわくにほんご２,See source_title; a family label does not identify an ISBN or exact edition.
title-c4a67e79a244bca5,わくわくにほんご３,わくわくにほんご３,See source_title; a family label does not identify an ISBN or exact edition.
title-1f5bbf53c90ba692,MARUGOTO,MARUGOTO,See source_title; a family label does not identify an ISBN or exact edition.
title-d509d88d848bd422,IRODORI,IRODORI,See source_title; a family label does not identify an ISBN or exact edition.
title-62d7a60fedfa3146,みんなの日本語初級Ⅰ、Ⅱ 聴解タスク 25,みんなの日本語初級Ⅰ、Ⅱ 聴解タスク 25,See source_title; a family label does not identify an ISBN or exact edition.
title-99fec026b1567c7e,みんなの日本語初級Ⅰ、Ⅱ 初級で読めるトピック 25,みんなの日本語初級Ⅰ、Ⅱ 初級で読めるトピック 25,See source_title; a family label does not identify an ISBN or exact edition.
title-e87983bb607a3f8a,DVD で学ぶ日本語エリンが挑戦！にほんごできます。 Ⅰ、Ⅱ、Ⅲ,DVD で学ぶ日本語エリンが挑戦！にほんごできます。 Ⅰ、Ⅱ、Ⅲ,See source_title; a family label does not identify an ISBN or exact edition.
title-1e7d2d4395b1765a,げんき I,げんき I,See source_title; a family label does not identify an ISBN or exact edition.
title-9c3e8624857d7cb7,げんき II,げんき II,See source_title; a family label does not identify an ISBN or exact edition.
title-a7221e91be21c013,技能実習生のための日本語「みどり」,技能実習生のための日本語「みどり」,See source_title; a family label does not identify an ISBN or exact edition.
